Position,Track_Name,Artist,URL
1,Tusa,"KAROL G",https://open.spotify.com/track/7k4t7uLgtOxPwTpFmtJNTY
2,Falling,"Trevor Daniel",https://open.spotify.com/track/4TnjEaWOeW0eKTKIEvJyCa
3,Solteroski,"Los Solteroski",https://open.spotify.com/track/6JqfAWXo2rPNSWy9SDm9i3
4,"Fuera De Mi Mente",Lérica,https://open.spotify.com/track/7bsqRe39lKOYX45FZpzP9o
5,"Alocao (With Bad Gyal)","Omar Montes",https://open.spotify.com/track/6RyuoOJXNzlVWpfC5xQyeI
6,"Dance Monkey","Tones And I",https://open.spotify.com/track/1rgnBhdG2JDFTbYkYRZAku
7,"No Idea","Don Toliver",https://open.spotify.com/track/3VyjsVV24RmBIbWJAeUJNu
8,"El Violador Eras Tu","El Perro",https://open.spotify.com/track/2F7cYJoV7pwncBNA8LI1iq
9,Blanco,"J Balvin",https://open.spotify.com/track/2rc7BkzO8qepMFAxHtOrXc
10,ROXANNE,"Arizona Zervas",https://open.spotify.com/track/696DnlkuDOXcMAnKlTgXXK
11,"Perreo en La Luna","Rich Music LTD",https://open.spotify.com/track/0RDgqtvOHLwcI6yz9bjsZV
12,"RITMO (Bad Boys For Life)","Black Eyed Peas",https://open.spotify.com/track/6cy3ki60hLwimwIje7tALf
13,"Se iluminaba","Fred De Palma",https://open.spotify.com/track/3VPOZWtj8mM89IiRNygxgS
14,Vete,"Bad Bunny",https://open.spotify.com/track/5DxXgozhkPLgrbKFY91w0c
15,"Easy - Remix","Jhay Cortez",https://open.spotify.com/track/0Cn8NxJZz7zUlsaA3rXoIU
16,"Pikete Italiano",KvndySwing,https://open.spotify.com/track/7DeWChs7uIADAfwmdrUFPh
17,"Loco por Verte","Los Hitmen",https://open.spotify.com/track/7JUvz8eMJTJYJ1dHYUcK7y
18,GOODMORNINGTOKYO!,"TOKYO’S REVENGE",https://open.spotify.com/track/0Q2n5yzl2XRqYbV77tZNYp
19,"A Dónde Vamos",Morat,https://open.spotify.com/track/671sG3ETDxC3L6qcGIrHRM
20,"Solito (Lonely) [feat. Nicky Jam & Akon]",Messiah,https://open.spotify.com/track/0yxU21ecIK43OvBh4apONo
21,"Hola - Remix",Dalex,https://open.spotify.com/track/5stPVcRqb4qixbafP9e8lt
22,Habibi,"La Cebolla",https://open.spotify.com/track/0GugHAcaTXnPmxmflZCb62
23,"Te Regalo","Carla Morrison",https://open.spotify.com/track/2Ye46ZY2LKOQTPXaauQisB
24,"Blinding Lights","The Weeknd",https://open.spotify.com/track/0sf12qNH5qcw8qpgymFOqD
25,"Si Me Muero","JC Reyes",https://open.spotify.com/track/3YywcVZhQR80VnecOeu7tg
26,Campanilleros,"La Niña De La Puebla",https://open.spotify.com/track/2Iw4G6qnwSA5Rex0zTcRbN
27,"The Box","Roddy Ricch",https://open.spotify.com/track/0nbXyq5TXYPCO7pr3N8S4I
28,"Bellaquita - Remix",Dalex,https://open.spotify.com/track/1Xnn1TPyr5h0hpRAT4B4EA
29,BOYFREN,LoveLeo,https://open.spotify.com/track/2YJ7tTicU1vUmUjYNJROrv
30,"Suave - Remix","Jey Blessing",https://open.spotify.com/track/6K7V47wFpfam2aeE893rbL
31,"El Burrito Sabanero - Tuki-Tuki Version","Marco Pastor Estelles",https://open.spotify.com/track/0OlwVgiXo2qkwAI84wmTLj
32,"Cada Una de Mis Canciones",Yer,https://open.spotify.com/track/4lCo6J8mQHf2EoDc3pOtzL
33,Rueda,Chimbala,https://open.spotify.com/track/71NGDQ9vSPXm55pyWeAxKK
34,"Si por mi fuera",Beret,https://open.spotify.com/track/3W87IIdSOE63W0Qyhy7r2b
35,Indeciso,Reik,https://open.spotify.com/track/59s0s39NFWScuHDbHytI14
36,"Whine Up","Nicky Jam",https://open.spotify.com/track/2pWOMNQJW3g2zmGjP0Vkb0
37,"Adore You","Harry Styles",https://open.spotify.com/track/3jjujdWJ72nww5eGnfs2E7
38,"No Vuelvas Más",Darell,https://open.spotify.com/track/0mcBgVRVsvESTkEyVHt7Ue
39,Escopeta,Deikirisy,https://open.spotify.com/track/4QVGuSHz6gBTdPLWHBCAXf
40,Aventura,Lunay,https://open.spotify.com/track/37zdqI4r1gswIzczSBkRon
41,"Mi padre es un elfo (Anuncio El Corte Inglés, 2018)","Toni M. Mir",https://open.spotify.com/track/7IOfWlLpH93IBmtGecwgH1
42,"Leña para el Carbón",J.Mastermix,https://open.spotify.com/track/58Yyhhx7SWGNacGk1m4WUy
43,"Ella No Quiere Rosé",Rvfv,https://open.spotify.com/track/6Aqeqb9rVNA1U6zuuxczQZ
44,"Mi Error - Remix","Eladio Carrion",https://open.spotify.com/track/0lbhKycRyqkOMKZ6thzfU4
45,"Madroños al Niño","El Sorderas",https://open.spotify.com/track/2BlefITU8R9a52hVMRUtxI
46,Picaflor,"Lao Ra",https://open.spotify.com/track/3r5OlIxUKkh2ydNeYYh6tD
47,"Ya No Te Hago Falta","Sen Senra",https://open.spotify.com/track/4RIi1gNmKDzSH04Vvws2DK
48,Tabú,"Pablo Alborán",https://open.spotify.com/track/471HeGJPKw07MObixON0Um
49,Ahora,Oscu,https://open.spotify.com/track/5uHzp7pDABZ7fmAWgrJdbF
50,Fantasias,"Rauw Alejandro",https://open.spotify.com/track/6mAN61JH0dzyZpWslS11jy
1,"Me Da Asco Tu Familia","Nadie Sabe Nada",https://open.spotify.com/track/4iN8XAk63IUwMPBYKiE0kD
2,"19 Días y 500 Noches Después","Travis Birds",https://open.spotify.com/track/2rHB1wHcs7wm1mR57JQwN6
3,Tusa,"KAROL G",https://open.spotify.com/track/7k4t7uLgtOxPwTpFmtJNTY
4,Falling,"Trevor Daniel",https://open.spotify.com/track/4TnjEaWOeW0eKTKIEvJyCa
5,Solteroski,"Los Solteroski",https://open.spotify.com/track/6JqfAWXo2rPNSWy9SDm9i3
6,Zorra,"Bad Gyal",https://open.spotify.com/track/0OP1RzrglC008kj79Httv3
7,"La Canción del Pensador","Ciudad Jara",https://open.spotify.com/track/6Fy4Wt2S1edN002zerXhlQ
8,"Sigues Con El","Dímelo Flow",https://open.spotify.com/track/7sQKy5vlPQllr0k9IjYJv3
9,"Calle Melancolía",Robe,https://open.spotify.com/track/3li6qqddV84LgSw9lgh0sG
10,GOODMORNINGTOKYO!,"TOKYO’S REVENGE",https://open.spotify.com/track/0Q2n5yzl2XRqYbV77tZNYp
11,"The Box","Roddy Ricch",https://open.spotify.com/track/0nbXyq5TXYPCO7pr3N8S4I
12,"Fuera De Mi Mente",Lérica,https://open.spotify.com/track/7bsqRe39lKOYX45FZpzP9o
13,"No Idea","Don Toliver",https://open.spotify.com/track/3VyjsVV24RmBIbWJAeUJNu
14,"Dance Monkey","Tones And I",https://open.spotify.com/track/1rgnBhdG2JDFTbYkYRZAku
15,"Alocao (With Bad Gyal)","Omar Montes",https://open.spotify.com/track/6RyuoOJXNzlVWpfC5xQyeI
16,"Tu Historia y la Mía",Hens,https://open.spotify.com/track/4ptmvueuWgilsYwI6u9V46
17,"Perreo en La Luna","Rich Music LTD",https://open.spotify.com/track/0RDgqtvOHLwcI6yz9bjsZV
18,"Cerrado Por Derribo","Niño de Elche",https://open.spotify.com/track/4G5ZP9W0rznQ4UiDPTjktF
19,"Solito (Lonely) [feat. Nicky Jam & Akon]",Messiah,https://open.spotify.com/track/0yxU21ecIK43OvBh4apONo
20,"All I Want - From ""High School Musical: The Musical: The Series""","Olivia Rodrigo",https://open.spotify.com/track/4Yxc55NX3tAXC2mHRAhtcW
21,"Dream Girl - Remix","Ir Sais",https://open.spotify.com/track/099tjv6oy2opbpCOA3nBwX
22,Blanco,"J Balvin",https://open.spotify.com/track/2rc7BkzO8qepMFAxHtOrXc
23,"Se iluminaba","Fred De Palma",https://open.spotify.com/track/3VPOZWtj8mM89IiRNygxgS
24,"El Fin del Mundo","La La Love You",https://open.spotify.com/track/5SeYlZyKVENMOxiSPQkKyw
25,ROXANNE,"Arizona Zervas",https://open.spotify.com/track/696DnlkuDOXcMAnKlTgXXK
26,"Hola - Remix",Dalex,https://open.spotify.com/track/5stPVcRqb4qixbafP9e8lt
27,Vete,"Bad Bunny",https://open.spotify.com/track/5DxXgozhkPLgrbKFY91w0c
28,"A Dónde Vamos",Morat,https://open.spotify.com/track/671sG3ETDxC3L6qcGIrHRM
29,"Cada Una de Mis Canciones",Yer,https://open.spotify.com/track/4lCo6J8mQHf2EoDc3pOtzL
30,"RITMO (Bad Boys For Life)","Black Eyed Peas",https://open.spotify.com/track/6cy3ki60hLwimwIje7tALf
31,"Blinding Lights","The Weeknd",https://open.spotify.com/track/0sf12qNH5qcw8qpgymFOqD
32,"La Uni (with Darell & Bryant Myers)","Leo Bash",https://open.spotify.com/track/17Ad6mpZ4je7EYz758Jih3
33,"Pikete italiano",KvndySwing,https://open.spotify.com/track/0irFsBbVTns85AOtJQ9kis
34,"Loco por Verte","Los Hitmen",https://open.spotify.com/track/7JUvz8eMJTJYJ1dHYUcK7y
35,Habibi,"La Cebolla",https://open.spotify.com/track/0GugHAcaTXnPmxmflZCb62
36,"Say So","Doja Cat",https://open.spotify.com/track/3Dv1eDb0MEgF93GpLXlucZ
37,"Easy - Remix","Jhay Cortez",https://open.spotify.com/track/0Cn8NxJZz7zUlsaA3rXoIU
38,"El Violador Eras Tu","El Perro",https://open.spotify.com/track/2F7cYJoV7pwncBNA8LI1iq
39,PORFA,Feid,https://open.spotify.com/track/3iQOfefMGDVDwo8dZoco8T
40,"My Dog Is",C.Terrible,https://open.spotify.com/track/1AnWtLKn7r9rxK1cdCY4A6
41,"Adore You","Harry Styles",https://open.spotify.com/track/3jjujdWJ72nww5eGnfs2E7
42,Enciéndelo,"Joseph El De La Urba",https://open.spotify.com/track/5MA74oQBT1lVZtAVuMJAm0
43,"Como el Agua - Remix","Ana Mena",https://open.spotify.com/track/5FJ4xmp1XXTDyqPlF4lFPt
44,"No Vuelvas Más",Darell,https://open.spotify.com/track/0mcBgVRVsvESTkEyVHt7Ue
45,"Bellaquita - Remix",Dalex,https://open.spotify.com/track/1Xnn1TPyr5h0hpRAT4B4EA
46,Viñeta,"David Cuello",https://open.spotify.com/track/3pZbBQavlDMfnbksk2StCd
47,Escopeta,Deikirisy,https://open.spotify.com/track/4QVGuSHz6gBTdPLWHBCAXf
48,Rueda,Chimbala,https://open.spotify.com/track/71NGDQ9vSPXm55pyWeAxKK
49,"Por Qué Será","Love Yi",https://open.spotify.com/track/6bfO7bNQaOOhcAFSrGT4d0
50,"Leña para el Carbón",J.Mastermix,https://open.spotify.com/track/58Yyhhx7SWGNacGk1m4WUy
1,"Me Da Asco Tu Familia","Nadie Sabe Nada",https://open.spotify.com/track/4iN8XAk63IUwMPBYKiE0kD
2,Kraazy,Likybo,https://open.spotify.com/track/3s2Qd1rsWqbvOoxpFTRp8D
3,Tusa,"KAROL G",https://open.spotify.com/track/7k4t7uLgtOxPwTpFmtJNTY
4,+,Aitana,https://open.spotify.com/track/5Cbo7oz78gqkzV3EAM63VA
5,"The Box","Roddy Ricch",https://open.spotify.com/track/0nbXyq5TXYPCO7pr3N8S4I
6,"19 Días y 500 Noches Después","Travis Birds",https://open.spotify.com/track/2rHB1wHcs7wm1mR57JQwN6
7,Amelie,"Valeria Castro",https://open.spotify.com/track/2KtWiCqg2tGyFfTAfHmPZo
8,"C90 (Remix)","John C",https://open.spotify.com/track/2b6i9zx3ULzKrNWmyP0ePD
9,Atrévete,"Yago Roche",https://open.spotify.com/track/07Lxxln9lZ8m0hT6EySTCe
10,"Sigues Con El","Dímelo Flow",https://open.spotify.com/track/7sQKy5vlPQllr0k9IjYJv3
11,Zorra,"Bad Gyal",https://open.spotify.com/track/0OP1RzrglC008kj79Httv3
12,GOODMORNINGTOKYO!,"TOKYO’S REVENGE",https://open.spotify.com/track/0Q2n5yzl2XRqYbV77tZNYp
13,"Dream Girl - Remix","Ir Sais",https://open.spotify.com/track/099tjv6oy2opbpCOA3nBwX
14,"Fuera De Mi Mente",Lérica,https://open.spotify.com/track/7bsqRe39lKOYX45FZpzP9o
15,"Malibú con Piña","Funzo & Baby Loud",https://open.spotify.com/track/4T7SpjqFNSpfdAsN66DkiE
16,"Dance Monkey","Tones And I",https://open.spotify.com/track/1rgnBhdG2JDFTbYkYRZAku
17,"El Fin del Mundo","La La Love You",https://open.spotify.com/track/5SeYlZyKVENMOxiSPQkKyw
18,Falling,"Trevor Daniel",https://open.spotify.com/track/4TnjEaWOeW0eKTKIEvJyCa
19,"All I Want - From ""High School Musical: The Musical: The Series""","Olivia Rodrigo",https://open.spotify.com/track/4Yxc55NX3tAXC2mHRAhtcW
20,"No Idea","Don Toliver",https://open.spotify.com/track/3VyjsVV24RmBIbWJAeUJNu
21,"Se iluminaba","Fred De Palma",https://open.spotify.com/track/3VPOZWtj8mM89IiRNygxgS
22,Infeliz,Arcangel,https://open.spotify.com/track/4z6wo6PJG4Fve45OXK6D9m
23,Solteroski,"Los Solteroski",https://open.spotify.com/track/6JqfAWXo2rPNSWy9SDm9i3
24,Infiel,Eix,https://open.spotify.com/track/79B6ZFqXNEBk1cFMdtXVkz
25,"Tant de bo",Suu,https://open.spotify.com/track/4PUxQfRnxk0WIcdURld3du
26,"RITMO (Bad Boys For Life)","Black Eyed Peas",https://open.spotify.com/track/6cy3ki60hLwimwIje7tALf
27,"Prendio (Remix)",Rvfv,https://open.spotify.com/track/17VsiwLi1ovKYdVUqDieGC
28,"Tu Historia y la Mía",Hens,https://open.spotify.com/track/4ptmvueuWgilsYwI6u9V46
29,"Alocao (With Bad Gyal)","Omar Montes",https://open.spotify.com/track/6RyuoOJXNzlVWpfC5xQyeI
30,Blanco,"J Balvin",https://open.spotify.com/track/2rc7BkzO8qepMFAxHtOrXc
31,"La Canción del Pensador","Ciudad Jara",https://open.spotify.com/track/6Fy4Wt2S1edN002zerXhlQ
32,"Blinding Lights","The Weeknd",https://open.spotify.com/track/0sf12qNH5qcw8qpgymFOqD
33,"Pikete italiano",KvndySwing,https://open.spotify.com/track/0irFsBbVTns85AOtJQ9kis
34,SUGAR,BROCKHAMPTON,https://open.spotify.com/track/6U0FIYXCQ3TGrk4tFpLrEA
35,"Hola - Remix",Dalex,https://open.spotify.com/track/5stPVcRqb4qixbafP9e8lt
36,ROXANNE,"Arizona Zervas",https://open.spotify.com/track/696DnlkuDOXcMAnKlTgXXK
37,Enciéndelo,"Joseph El De La Urba",https://open.spotify.com/track/5MA74oQBT1lVZtAVuMJAm0
38,Habibi,"La Cebolla",https://open.spotify.com/track/0GugHAcaTXnPmxmflZCb62
39,"No Dijeron Nada",Oscu,https://open.spotify.com/track/66YgptYp9124vxw9yFsIGn
40,"Perreo en La Luna","Rich Music LTD",https://open.spotify.com/track/0RDgqtvOHLwcI6yz9bjsZV
41,Suicidal,"YNW Melly",https://open.spotify.com/track/1iSqfoUFnQwV0QW1EfUit8
42,"Say So","Doja Cat",https://open.spotify.com/track/3Dv1eDb0MEgF93GpLXlucZ
43,"A Dónde Vamos",Morat,https://open.spotify.com/track/671sG3ETDxC3L6qcGIrHRM
44,Psycho,"Red Velvet",https://open.spotify.com/track/3CYH422oy1cZNoo0GTG1TK
45,"Loco por Verte","Los Hitmen",https://open.spotify.com/track/7JUvz8eMJTJYJ1dHYUcK7y
46,"Easy - Remix","Jhay Cortez",https://open.spotify.com/track/0Cn8NxJZz7zUlsaA3rXoIU
47,"Solito (Lonely) [feat. Nicky Jam & Akon]",Messiah,https://open.spotify.com/track/0yxU21ecIK43OvBh4apONo
48,PORFA,Feid,https://open.spotify.com/track/3iQOfefMGDVDwo8dZoco8T
49,"Calle Melancolía",Robe,https://open.spotify.com/track/3li6qqddV84LgSw9lgh0sG
50,"Suave - Remix","Jey Blessing",https://open.spotify.com/track/6K7V47wFpfam2aeE893rbL
1,"Me Da Asco Tu Familia","Nadie Sabe Nada",https://open.spotify.com/track/4iN8XAk63IUwMPBYKiE0kD
2,Tusa,"KAROL G",https://open.spotify.com/track/7k4t7uLgtOxPwTpFmtJNTY
3,Kraazy,Likybo,https://open.spotify.com/track/3s2Qd1rsWqbvOoxpFTRp8D
4,"The Box","Roddy Ricch",https://open.spotify.com/track/0nbXyq5TXYPCO7pr3N8S4I
5,+,Aitana,https://open.spotify.com/track/5Cbo7oz78gqkzV3EAM63VA
6,"Dream Girl - Remix","Ir Sais",https://open.spotify.com/track/099tjv6oy2opbpCOA3nBwX
7,"Malibú con Piña","Funzo & Baby Loud",https://open.spotify.com/track/4T7SpjqFNSpfdAsN66DkiE
8,Batmóvil,Hens,https://open.spotify.com/track/1a071Cx7zQpmyOOb8y0PIq
9,"C90 (Remix)","John C",https://open.spotify.com/track/2b6i9zx3ULzKrNWmyP0ePD
10,"Sigues Con El","Dímelo Flow",https://open.spotify.com/track/7sQKy5vlPQllr0k9IjYJv3
11,"Prendio (Remix)",Rvfv,https://open.spotify.com/track/17VsiwLi1ovKYdVUqDieGC
12,Mami,Ptazeta,https://open.spotify.com/track/55C0glNSvxJDCfgHwiCZb1
13,"La Pacquiao",SHB,https://open.spotify.com/track/1Y8c1PcQpbIwNW2z7KhmSc
14,Zorra,"Bad Gyal",https://open.spotify.com/track/0OP1RzrglC008kj79Httv3
15,"19 Días y 500 Noches Después","Travis Birds",https://open.spotify.com/track/2rHB1wHcs7wm1mR57JQwN6
16,Amelie,"Valeria Castro",https://open.spotify.com/track/2KtWiCqg2tGyFfTAfHmPZo
17,"Se iluminaba","Fred De Palma",https://open.spotify.com/track/3VPOZWtj8mM89IiRNygxgS
18,"Dance Monkey","Tones And I",https://open.spotify.com/track/1rgnBhdG2JDFTbYkYRZAku
19,Infeliz,Arcangel,https://open.spotify.com/track/4z6wo6PJG4Fve45OXK6D9m
20,"Say So","Doja Cat",https://open.spotify.com/track/3Dv1eDb0MEgF93GpLXlucZ
21,"La Canción del Pensador","Ciudad Jara",https://open.spotify.com/track/6Fy4Wt2S1edN002zerXhlQ
22,"Fuera De Mi Mente",Lérica,https://open.spotify.com/track/7bsqRe39lKOYX45FZpzP9o
23,Infiel,Eix,https://open.spotify.com/track/79B6ZFqXNEBk1cFMdtXVkz
24,"No Dijeron Nada",Oscu,https://open.spotify.com/track/66YgptYp9124vxw9yFsIGn
25,"Blinding Lights","The Weeknd",https://open.spotify.com/track/0sf12qNH5qcw8qpgymFOqD
26,"Não Sou Perfeito",Nininho,https://open.spotify.com/track/2C7QiQRCTjb8i99IxWSKin
27,"¡Qué Felicidad La Mía! - 30 Años En La Música","Miguel Poveda",https://open.spotify.com/track/1Wm3zp6y6JPuGI923TXBYW
28,"Suave - Remix","Jey Blessing",https://open.spotify.com/track/6K7V47wFpfam2aeE893rbL
29,"RITMO (Bad Boys For Life)","Black Eyed Peas",https://open.spotify.com/track/6cy3ki60hLwimwIje7tALf
30,"Quédate conmigo",Pole.,https://open.spotify.com/track/3T1egHTtRtYoal4SPUJAAe
31,"Hola - Remix",Dalex,https://open.spotify.com/track/5stPVcRqb4qixbafP9e8lt
32,Atrévete,"Yago Roche",https://open.spotify.com/track/07Lxxln9lZ8m0hT6EySTCe
33,"El Fin del Mundo","La La Love You",https://open.spotify.com/track/5SeYlZyKVENMOxiSPQkKyw
34,Blanco,"J Balvin",https://open.spotify.com/track/2rc7BkzO8qepMFAxHtOrXc
35,"Alocao (With Bad Gyal)","Omar Montes",https://open.spotify.com/track/6RyuoOJXNzlVWpfC5xQyeI
36,SUGAR,BROCKHAMPTON,https://open.spotify.com/track/6U0FIYXCQ3TGrk4tFpLrEA
37,"Tant de bo",Suu,https://open.spotify.com/track/4PUxQfRnxk0WIcdURld3du
38,PORFA,Feid,https://open.spotify.com/track/3iQOfefMGDVDwo8dZoco8T
39,Falling,"Trevor Daniel",https://open.spotify.com/track/4TnjEaWOeW0eKTKIEvJyCa
40,Solteroski,"Los Solteroski",https://open.spotify.com/track/6JqfAWXo2rPNSWy9SDm9i3
41,Enciéndelo,"Joseph El De La Urba",https://open.spotify.com/track/5MA74oQBT1lVZtAVuMJAm0
42,"Pikete italiano",KvndySwing,https://open.spotify.com/track/0irFsBbVTns85AOtJQ9kis
43,"Tu Historia y la Mía",Hens,https://open.spotify.com/track/4ptmvueuWgilsYwI6u9V46
44,"Loco Contigo (with J. Balvin & Ozuna feat. Nicky Jam, Natti Natasha, Darell & Sech) - REMIX","DJ Snake",https://open.spotify.com/track/5QXQy0f2q8wJNpPwJtjifx
45,"No Idea","Don Toliver",https://open.spotify.com/track/3VyjsVV24RmBIbWJAeUJNu
46,"Ella Dice","Og Baby",https://open.spotify.com/track/3kwEQZGir5mZFw2QzdaZ5q
47,Boss,"La Zowi",https://open.spotify.com/track/3LjkyjxjqmFEDsIzHoliDf
48,Rutina,"Myke Towers",https://open.spotify.com/track/3YntiCUU0Xqq0B68FM3YAt
49,ROXANNE,"Arizona Zervas",https://open.spotify.com/track/696DnlkuDOXcMAnKlTgXXK
50,"Perreo en La Luna","Rich Music LTD",https://open.spotify.com/track/0RDgqtvOHLwcI6yz9bjsZV
1,"Toss a Coin to Your Witcher","Samuel Kim",https://open.spotify.com/track/0NMzV2etWr2eBIbUDuKA5I
2,Tusa,"KAROL G",https://open.spotify.com/track/7k4t7uLgtOxPwTpFmtJNTY
3,"Malibú con Piña","Funzo & Baby Loud",https://open.spotify.com/track/4T7SpjqFNSpfdAsN66DkiE
4,"Me Da Asco Tu Familia","Nadie Sabe Nada",https://open.spotify.com/track/4iN8XAk63IUwMPBYKiE0kD
5,"De Ti Me Olvido","Love Yi",https://open.spotify.com/track/3FkmSUR7gcQHz1PhJW52Zy
6,"The Box","Roddy Ricch",https://open.spotify.com/track/0nbXyq5TXYPCO7pr3N8S4I
7,"Quédate conmigo",Pole.,https://open.spotify.com/track/3T1egHTtRtYoal4SPUJAAe
8,Kraazy,Likybo,https://open.spotify.com/track/3s2Qd1rsWqbvOoxpFTRp8D
9,"C90 (Remix)","John C",https://open.spotify.com/track/2b6i9zx3ULzKrNWmyP0ePD
10,"Dream Girl - Remix","Ir Sais",https://open.spotify.com/track/099tjv6oy2opbpCOA3nBwX
11,+,Aitana,https://open.spotify.com/track/5Cbo7oz78gqkzV3EAM63VA
12,"Prendio (Remix)",Rvfv,https://open.spotify.com/track/17VsiwLi1ovKYdVUqDieGC
13,"19 Días y 500 Noches Después","Travis Birds",https://open.spotify.com/track/2rHB1wHcs7wm1mR57JQwN6
14,Batmóvil,Hens,https://open.spotify.com/track/1a071Cx7zQpmyOOb8y0PIq
15,Yummy,"Justin Bieber",https://open.spotify.com/track/41L3O37CECZt3N7ziG2z7l
16,"Suave - Remix","Jey Blessing",https://open.spotify.com/track/6K7V47wFpfam2aeE893rbL
17,Atrévete,"Yago Roche",https://open.spotify.com/track/07Lxxln9lZ8m0hT6EySTCe
18,"Sigues Con El","Dímelo Flow",https://open.spotify.com/track/7sQKy5vlPQllr0k9IjYJv3
19,"Não Sou Perfeito",Nininho,https://open.spotify.com/track/2C7QiQRCTjb8i99IxWSKin
20,"Escápate Conmigo",Flowtiago,https://open.spotify.com/track/3XvLwUEA4WHiGi60fspi2c
21,Mami,Ptazeta,https://open.spotify.com/track/55C0glNSvxJDCfgHwiCZb1
22,"No Dijeron Nada",Oscu,https://open.spotify.com/track/66YgptYp9124vxw9yFsIGn
23,"Blinding Lights","The Weeknd",https://open.spotify.com/track/0sf12qNH5qcw8qpgymFOqD
24,"Se iluminaba","Fred De Palma",https://open.spotify.com/track/3VPOZWtj8mM89IiRNygxgS
25,"Fuera De Mi Mente",Lérica,https://open.spotify.com/track/7bsqRe39lKOYX45FZpzP9o
26,"Una Mala (Remix)","El Completo Rd",https://open.spotify.com/track/2maGaB3fNqQnyrG3FDiaW3
27,Zorra,"Bad Gyal",https://open.spotify.com/track/0OP1RzrglC008kj79Httv3
28,PORFA,Feid,https://open.spotify.com/track/3iQOfefMGDVDwo8dZoco8T
29,"Dance Monkey","Tones And I",https://open.spotify.com/track/1rgnBhdG2JDFTbYkYRZAku
30,SUGAR,BROCKHAMPTON,https://open.spotify.com/track/6U0FIYXCQ3TGrk4tFpLrEA
31,"Tant de bo",Suu,https://open.spotify.com/track/4PUxQfRnxk0WIcdURld3du
32,"La Pacquiao",SHB,https://open.spotify.com/track/1Y8c1PcQpbIwNW2z7KhmSc
33,Rutina,"Myke Towers",https://open.spotify.com/track/3YntiCUU0Xqq0B68FM3YAt
34,"Eres un Temazo",Suu,https://open.spotify.com/track/1pfbNOFDohc4ptQ2eI9mTv
35,"Pikete italiano",KvndySwing,https://open.spotify.com/track/0irFsBbVTns85AOtJQ9kis
36,"Hola - Remix",Dalex,https://open.spotify.com/track/5stPVcRqb4qixbafP9e8lt
37,"Impaciente - Remix","Chencho Corleone",https://open.spotify.com/track/0XtFQVI5WtK02YKo1sXcRi
38,"Say So","Doja Cat",https://open.spotify.com/track/3Dv1eDb0MEgF93GpLXlucZ
39,"En Tus Planes","David Bisbal",https://open.spotify.com/track/5fmXWEFh8vMXzKTHN9ezKV
40,Blanco,"J Balvin",https://open.spotify.com/track/2rc7BkzO8qepMFAxHtOrXc
41,"Loco Contigo (with J. Balvin & Ozuna feat. Nicky Jam, Natti Natasha, Darell & Sech) - REMIX","DJ Snake",https://open.spotify.com/track/5QXQy0f2q8wJNpPwJtjifx
42,Suicidal,"YNW Melly",https://open.spotify.com/track/1iSqfoUFnQwV0QW1EfUit8
43,Infeliz,Arcangel,https://open.spotify.com/track/4z6wo6PJG4Fve45OXK6D9m
44,"El Fin del Mundo","La La Love You",https://open.spotify.com/track/5SeYlZyKVENMOxiSPQkKyw
45,"RITMO (Bad Boys For Life)","Black Eyed Peas",https://open.spotify.com/track/6cy3ki60hLwimwIje7tALf
46,"Alocao (With Bad Gyal)","Omar Montes",https://open.spotify.com/track/6RyuoOJXNzlVWpfC5xQyeI
47,"La Canción del Pensador","Ciudad Jara",https://open.spotify.com/track/6Fy4Wt2S1edN002zerXhlQ
48,BOOM,"X Ambassadors",https://open.spotify.com/track/3V9cM3nCH2G66afoDi0snu
49,"All I Want - From ""High School Musical: The Musical: The Series""","Olivia Rodrigo",https://open.spotify.com/track/4Yxc55NX3tAXC2mHRAhtcW
50,"Dispara Lentamente","Manuel Carrasco",https://open.spotify.com/track/7H7aKN52utTwhnM8LwDCOM
1,Tusa,"KAROL G",https://open.spotify.com/track/7k4t7uLgtOxPwTpFmtJNTY
2,"Me Gusta",Shakira,https://open.spotify.com/track/5Xhqh4lwJPtMUTsdBztN1a
3,"Malibú con Piña","Funzo & Baby Loud",https://open.spotify.com/track/4T7SpjqFNSpfdAsN66DkiE
4,"De Ti Me Olvido","Love Yi",https://open.spotify.com/track/3FkmSUR7gcQHz1PhJW52Zy
5,"Quédate conmigo",Pole.,https://open.spotify.com/track/3T1egHTtRtYoal4SPUJAAe
6,BOOM,"X Ambassadors",https://open.spotify.com/track/3V9cM3nCH2G66afoDi0snu
7,"C90 (Remix)","John C",https://open.spotify.com/track/2b6i9zx3ULzKrNWmyP0ePD
8,Morado,"J Balvin",https://open.spotify.com/track/3mQ6SLdxxaL52Yte7KF2Ks
9,"The Box","Roddy Ricch",https://open.spotify.com/track/0nbXyq5TXYPCO7pr3N8S4I
10,"Prendio (Remix)",Rvfv,https://open.spotify.com/track/17VsiwLi1ovKYdVUqDieGC
11,"No Te Esperaba",MANTRA,https://open.spotify.com/track/5BkY7Nhl984mR1wt0gdfTB
12,Muévelo,"Nicky Jam",https://open.spotify.com/track/4VgYtXCVJ7IbWAZ5ryfvEQ
13,"Una Mala (Remix)","El Completo Rd",https://open.spotify.com/track/2maGaB3fNqQnyrG3FDiaW3
14,"Further Up (Na, Na, Na, Na, Na)","Static & Ben El",https://open.spotify.com/track/1aW9qzUsXGbyhT3NPCWwdT
15,"Escápate Conmigo",Flowtiago,https://open.spotify.com/track/3XvLwUEA4WHiGi60fspi2c
16,"Dream Girl - Remix","Ir Sais",https://open.spotify.com/track/099tjv6oy2opbpCOA3nBwX
17,Vitamina,Flyboiz,https://open.spotify.com/track/5yAo09btO7hEn8YDKW4Dkm
18,+,Aitana,https://open.spotify.com/track/5Cbo7oz78gqkzV3EAM63VA
19,Yummy,"Justin Bieber",https://open.spotify.com/track/41L3O37CECZt3N7ziG2z7l
20,"Suave - Remix","Jey Blessing",https://open.spotify.com/track/6K7V47wFpfam2aeE893rbL
21,"Blinding Lights","The Weeknd",https://open.spotify.com/track/0sf12qNH5qcw8qpgymFOqD
22,"Se iluminaba","Fred De Palma",https://open.spotify.com/track/3VPOZWtj8mM89IiRNygxgS
23,"La Pacquiao",SHB,https://open.spotify.com/track/1Y8c1PcQpbIwNW2z7KhmSc
24,"Good News","Mac Miller",https://open.spotify.com/track/1DWZUa5Mzf2BwzpHtgbHPY
25,"Sigues Con El","Dímelo Flow",https://open.spotify.com/track/7sQKy5vlPQllr0k9IjYJv3
26,"Impaciente - Remix","Chencho Corleone",https://open.spotify.com/track/0XtFQVI5WtK02YKo1sXcRi
27,"19 Días y 500 Noches Después","Travis Birds",https://open.spotify.com/track/2rHB1wHcs7wm1mR57JQwN6
28,Mami,Ptazeta,https://open.spotify.com/track/55C0glNSvxJDCfgHwiCZb1
29,"Fuera De Mi Mente",Lérica,https://open.spotify.com/track/7bsqRe39lKOYX45FZpzP9o
30,Atrévete,"Yago Roche",https://open.spotify.com/track/07Lxxln9lZ8m0hT6EySTCe
31,"Te Amaré",Victoria,https://open.spotify.com/track/2zu4uEr8p5w1aYgTlC0IOm
32,Batmóvil,Hens,https://open.spotify.com/track/1a071Cx7zQpmyOOb8y0PIq
33,"Toss a Coin to Your Witcher","Samuel Kim",https://open.spotify.com/track/0NMzV2etWr2eBIbUDuKA5I
34,"Say So","Doja Cat",https://open.spotify.com/track/3Dv1eDb0MEgF93GpLXlucZ
35,Suicidal,"YNW Melly",https://open.spotify.com/track/1iSqfoUFnQwV0QW1EfUit8
36,"Dance Monkey","Tones And I",https://open.spotify.com/track/1rgnBhdG2JDFTbYkYRZAku
37,Kraazy,Likybo,https://open.spotify.com/track/3s2Qd1rsWqbvOoxpFTRp8D
38,"No Dijeron Nada",Oscu,https://open.spotify.com/track/66YgptYp9124vxw9yFsIGn
39,Rutina,"Myke Towers",https://open.spotify.com/track/3YntiCUU0Xqq0B68FM3YAt
40,"Hola - Remix",Dalex,https://open.spotify.com/track/5stPVcRqb4qixbafP9e8lt
41,Zorra,"Bad Gyal",https://open.spotify.com/track/0OP1RzrglC008kj79Httv3
42,"El último verano",Pole.,https://open.spotify.com/track/2QcCCbU1sOQPlZKm9MFYMY
43,"Não Sou Perfeito",Nininho,https://open.spotify.com/track/2C7QiQRCTjb8i99IxWSKin
44,Hostage,Ellrod,https://open.spotify.com/track/5bPPqySJBV6vWZVLiKEN2I
45,"Life Is Good (feat. Drake)",Future,https://open.spotify.com/track/5yY9lUy8nbvjM1Uyo1Uqoc
46,"Eres un Temazo",Suu,https://open.spotify.com/track/1pfbNOFDohc4ptQ2eI9mTv
47,"Tant de bo",Suu,https://open.spotify.com/track/4PUxQfRnxk0WIcdURld3du
48,"Enero 2020","David Cuello",https://open.spotify.com/track/1zhBDoHlF2is02HQACPye9
49,"La Despedida",Cami,https://open.spotify.com/track/1s8TR4ZPyrRf0E7zbNNjvZ
50,"RITMO (Bad Boys For Life)","Black Eyed Peas",https://open.spotify.com/track/6cy3ki60hLwimwIje7tALf
1,"Quédate conmigo",Pole.,https://open.spotify.com/track/3T1egHTtRtYoal4SPUJAAe
2,"Malibú con Piña","Funzo & Baby Loud",https://open.spotify.com/track/4T7SpjqFNSpfdAsN66DkiE
3,"Me Gusta",Shakira,https://open.spotify.com/track/5Xhqh4lwJPtMUTsdBztN1a
4,Tusa,"KAROL G",https://open.spotify.com/track/7k4t7uLgtOxPwTpFmtJNTY
5,Morado,"J Balvin",https://open.spotify.com/track/3mQ6SLdxxaL52Yte7KF2Ks
6,Bailé,"Ciudad Jara",https://open.spotify.com/track/44pgUrLmuGZ5v83AIHgeQZ
7,BOOM,"X Ambassadors",https://open.spotify.com/track/3V9cM3nCH2G66afoDi0snu
8,"Blinding Lights","The Weeknd",https://open.spotify.com/track/0sf12qNH5qcw8qpgymFOqD
9,"Dream Girl - Remix","Ir Sais",https://open.spotify.com/track/099tjv6oy2opbpCOA3nBwX
10,"No Te Esperaba",MANTRA,https://open.spotify.com/track/5BkY7Nhl984mR1wt0gdfTB
11,"Una Mala (Remix)","El Completo Rd",https://open.spotify.com/track/2maGaB3fNqQnyrG3FDiaW3
12,Mami,Ptazeta,https://open.spotify.com/track/55C0glNSvxJDCfgHwiCZb1
13,"The Box","Roddy Ricch",https://open.spotify.com/track/0nbXyq5TXYPCO7pr3N8S4I
14,"Te Espero Aquí",Samantha,https://open.spotify.com/track/3NBu2ZN8vPfBZcW4zBSbf3
15,Inolvidable,"Ovy On The Drums",https://open.spotify.com/track/0OTtnwUO8natNWSwdZvXVF
16,"Another Love",Flavio,https://open.spotify.com/track/2mrxL6EPWrFJhsWLcuLpYr
17,"Pegamos Tela",Lérica,https://open.spotify.com/track/4punHldq7Jfx0Plu7SdjQ0
18,"De Ti Me Olvido","Love Yi",https://open.spotify.com/track/3FkmSUR7gcQHz1PhJW52Zy
19,Muévelo,"Nicky Jam",https://open.spotify.com/track/4VgYtXCVJ7IbWAZ5ryfvEQ
20,"Tu Calorro","Rafa Romera",https://open.spotify.com/track/3PIJcvtf3l0rWEywZ7bDh2
21,"Prendio (Remix)",Rvfv,https://open.spotify.com/track/17VsiwLi1ovKYdVUqDieGC
22,"Further Up (Na, Na, Na, Na, Na)","Static & Ben El",https://open.spotify.com/track/1aW9qzUsXGbyhT3NPCWwdT
23,Atrévete,"Yago Roche",https://open.spotify.com/track/07Lxxln9lZ8m0hT6EySTCe
24,Batmóvil,Hens,https://open.spotify.com/track/1a071Cx7zQpmyOOb8y0PIq
25,"Escápate Conmigo",Flowtiago,https://open.spotify.com/track/3XvLwUEA4WHiGi60fspi2c
26,"Mil Tequilas","Chema Rivas",https://open.spotify.com/track/4QPLtCSQh10inI5iwUoG2p
27,+,Aitana,https://open.spotify.com/track/5Cbo7oz78gqkzV3EAM63VA
28,Roma,Pole.,https://open.spotify.com/track/08meXSk6aLXfP0EpNA1s0E
29,"Se iluminaba","Fred De Palma",https://open.spotify.com/track/3VPOZWtj8mM89IiRNygxgS
30,"La Canción del Pensador","Ciudad Jara",https://open.spotify.com/track/15oKEzeEfWcHSBmekYTURC
31,"Sigues Con El","Dímelo Flow",https://open.spotify.com/track/7sQKy5vlPQllr0k9IjYJv3
32,"Little Talks","Eva B",https://open.spotify.com/track/3qT8cPNUJAEiJ5l9kgF0p5
33,"Suave - Remix","Jey Blessing",https://open.spotify.com/track/6K7V47wFpfam2aeE893rbL
34,Up,Gèrard,https://open.spotify.com/track/5CefsHevDlensXo3X3E8vx
35,"Dance Monkey","Tones And I",https://open.spotify.com/track/1rgnBhdG2JDFTbYkYRZAku
36,Sinmigo,Maialen,https://open.spotify.com/track/6IPss2J6oc04RMdXQQV9uA
37,Dialga,"Boy Fieri",https://open.spotify.com/track/1iURNRqoFJtFxPVwVhRwfn
38,"C90 (Remix)","John C",https://open.spotify.com/track/2b6i9zx3ULzKrNWmyP0ePD
39,Yummy,"Justin Bieber",https://open.spotify.com/track/41L3O37CECZt3N7ziG2z7l
40,"Life Is Good (feat. Drake)",Future,https://open.spotify.com/track/5yY9lUy8nbvjM1Uyo1Uqoc
41,"Good as Hell",Ariadna,https://open.spotify.com/track/4CiTX0uVuC1UisedqHvPqv
42,"Hola - Remix",Dalex,https://open.spotify.com/track/5stPVcRqb4qixbafP9e8lt
43,"Fuera De Mi Mente",Lérica,https://open.spotify.com/track/7bsqRe39lKOYX45FZpzP9o
44,"Impaciente - Remix","Chencho Corleone",https://open.spotify.com/track/0XtFQVI5WtK02YKo1sXcRi
45,"El último verano",Pole.,https://open.spotify.com/track/2QcCCbU1sOQPlZKm9MFYMY
46,"A Vapor","Sky Rompiendo",https://open.spotify.com/track/7JGUQpRKKQf1CfZFBVYPxi
47,"Maldad (with Maluma)","Steve Aoki",https://open.spotify.com/track/35HXnvswjdVWjQRmqtXPJD
48,"Say So","Doja Cat",https://open.spotify.com/track/3Dv1eDb0MEgF93GpLXlucZ
49,Vitamina,Flyboiz,https://open.spotify.com/track/5yAo09btO7hEn8YDKW4Dkm
50,Rutina,"Myke Towers",https://open.spotify.com/track/3YntiCUU0Xqq0B68FM3YAt
1,"Quédate conmigo",Pole.,https://open.spotify.com/track/3T1egHTtRtYoal4SPUJAAe
2,Diosa,"Myke Towers",https://open.spotify.com/track/3JHpk0DOTOzyh0777JFAky
3,"Malibú con Piña","Funzo & Baby Loud",https://open.spotify.com/track/4T7SpjqFNSpfdAsN66DkiE
4,"Una Mala (Remix)","El Completo Rd",https://open.spotify.com/track/2maGaB3fNqQnyrG3FDiaW3
5,"death bed (coffee for your head) (feat. beabadoobee)",Powfu,https://open.spotify.com/track/7eJMfftS33KTjuF7lTsMCx
6,Tusa,"KAROL G",https://open.spotify.com/track/7k4t7uLgtOxPwTpFmtJNTY
7,"Moral of the Story",Ashe,https://open.spotify.com/track/2nC3QhMI9reBIOWutbU3Tj
8,"Con Altura",Ginebras,https://open.spotify.com/track/4Hz4ZddemX2Ij985XRxC2q
9,"Toss A Coin To Your Witcher","Sonya Belousova",https://open.spotify.com/track/2KMLGJ1mPfRE4GNdL92rl3
10,"Dance Monkey (Versión Español)",Betzabeth,https://open.spotify.com/track/5C4tPxg8bWj8E80BZTH7ey
11,"Blinding Lights","The Weeknd",https://open.spotify.com/track/0sf12qNH5qcw8qpgymFOqD
12,"Me Gusta",Shakira,https://open.spotify.com/track/5Xhqh4lwJPtMUTsdBztN1a
13,Morado,"J Balvin",https://open.spotify.com/track/3mQ6SLdxxaL52Yte7KF2Ks
14,"Por Ti",Otein,https://open.spotify.com/track/7k5b9iMRn7CkdR7sPu90Hw
15,BOOM,"X Ambassadors",https://open.spotify.com/track/3V9cM3nCH2G66afoDi0snu
16,"Pegamos Tela",Lérica,https://open.spotify.com/track/4punHldq7Jfx0Plu7SdjQ0
17,Bailé,"Ciudad Jara",https://open.spotify.com/track/44pgUrLmuGZ5v83AIHgeQZ
18,"Una Foto en Blanco y Negro","David Otero",https://open.spotify.com/track/4BNqM0h2wukiQkAUKZjurV
19,Inolvidable,"Ovy On The Drums",https://open.spotify.com/track/0OTtnwUO8natNWSwdZvXVF
20,"Mil Tequilas","Chema Rivas",https://open.spotify.com/track/4QPLtCSQh10inI5iwUoG2p
21,"The Box","Roddy Ricch",https://open.spotify.com/track/0nbXyq5TXYPCO7pr3N8S4I
22,"Dream Girl - Remix","Ir Sais",https://open.spotify.com/track/099tjv6oy2opbpCOA3nBwX
23,Jealous,"Nick Maylo",https://open.spotify.com/track/5RCxP9559XX4EtqOKeRfeS
24,Roma,Pole.,https://open.spotify.com/track/08meXSk6aLXfP0EpNA1s0E
25,"Escápate Conmigo",Flowtiago,https://open.spotify.com/track/3XvLwUEA4WHiGi60fspi2c
26,Paciencia,Kora,https://open.spotify.com/track/4vSRCnFOAIsBJLAbpjPoVY
27,"AY AY AY","Q Park",https://open.spotify.com/track/11ohYWiNcQLwMRrOo88ikv
28,"Se iluminaba","Fred De Palma",https://open.spotify.com/track/3VPOZWtj8mM89IiRNygxgS
29,Muévelo,"Nicky Jam",https://open.spotify.com/track/4VgYtXCVJ7IbWAZ5ryfvEQ
30,Envidiosos,Vulkam,https://open.spotify.com/track/2K2MKs0mNgGAXSjwTWATE2
31,Ilargia,"Anne Lukin",https://open.spotify.com/track/28aA420gnwSMY4wTvK00ow
32,"Mucho Mejor","Bruno Alves",https://open.spotify.com/track/4Da7nuKKmGzacSIeY6t6Dc
33,"Prendio (Remix)",Rvfv,https://open.spotify.com/track/17VsiwLi1ovKYdVUqDieGC
34,Girl,"Myke Towers",https://open.spotify.com/track/43NqTeL8pgBxKHPMiJKUP5
35,"De Ti Me Olvido","Love Yi",https://open.spotify.com/track/3FkmSUR7gcQHz1PhJW52Zy
36,+,Aitana,https://open.spotify.com/track/5Cbo7oz78gqkzV3EAM63VA
37,"Suave - Remix","Jey Blessing",https://open.spotify.com/track/6K7V47wFpfam2aeE893rbL
38,"Viene y Va","C. Tangana",https://open.spotify.com/track/1UozIJsPRJVXDRG08AgUQP
39,Mami,Ptazeta,https://open.spotify.com/track/55C0glNSvxJDCfgHwiCZb1
40,"Pa Los Gustos Los Colores",Javiielo,https://open.spotify.com/track/6EWWkqE4aFlZRyoFwwOT8u
41,Batmóvil,Hens,https://open.spotify.com/track/1a071Cx7zQpmyOOb8y0PIq
42,"El último verano",Pole.,https://open.spotify.com/track/2QcCCbU1sOQPlZKm9MFYMY
43,Atrévete,"Yago Roche",https://open.spotify.com/track/07Lxxln9lZ8m0hT6EySTCe
44,"Sigues Con El","Dímelo Flow",https://open.spotify.com/track/7sQKy5vlPQllr0k9IjYJv3
45,Trukitos,"Lennis Rodriguez",https://open.spotify.com/track/0ofQFmf4hNoRoBaDjwDOZU
46,Vitamina,Flyboiz,https://open.spotify.com/track/5yAo09btO7hEn8YDKW4Dkm
47,"olvídate de mí","Natalia Lacunza",https://open.spotify.com/track/1mc8w5UYCDHeNzAua5JxnW
48,Intoxicao,Hens,https://open.spotify.com/track/2hEAzeVjXO2tVyaxbDTw99
49,"Sunday Best",Surfaces,https://open.spotify.com/track/1Cv1YLb4q0RzL6pybtaMLo
50,"Dance Monkey","Tones And I",https://open.spotify.com/track/1rgnBhdG2JDFTbYkYRZAku
1,"Quédate conmigo",Pole.,https://open.spotify.com/track/3T1egHTtRtYoal4SPUJAAe
2,"Moral of the Story",Ashe,https://open.spotify.com/track/2nC3QhMI9reBIOWutbU3Tj
3,"death bed (coffee for your head) (feat. beabadoobee)",Powfu,https://open.spotify.com/track/7eJMfftS33KTjuF7lTsMCx
4,Diosa,"Myke Towers",https://open.spotify.com/track/3JHpk0DOTOzyh0777JFAky
5,"Dance Monkey (Versión Español)",Betzabeth,https://open.spotify.com/track/5C4tPxg8bWj8E80BZTH7ey
6,"Una Mala (Remix)","El Completo Rd",https://open.spotify.com/track/2maGaB3fNqQnyrG3FDiaW3
7,"Blinding Lights","The Weeknd",https://open.spotify.com/track/0sf12qNH5qcw8qpgymFOqD
8,"Con Altura",Ginebras,https://open.spotify.com/track/4Hz4ZddemX2Ij985XRxC2q
9,Tusa,"KAROL G",https://open.spotify.com/track/7k4t7uLgtOxPwTpFmtJNTY
10,"Malibú con Piña","Funzo & Baby Loud",https://open.spotify.com/track/4T7SpjqFNSpfdAsN66DkiE
11,"Mil Tequilas","Chema Rivas",https://open.spotify.com/track/4QPLtCSQh10inI5iwUoG2p
12,"Pegamos Tela",Lérica,https://open.spotify.com/track/4punHldq7Jfx0Plu7SdjQ0
13,Vibe,"Cookiee Kawaii",https://open.spotify.com/track/7btQ8AOjr6zXoGHEmxL5u5
14,"Gitana (feat. Sergio Contreras y Demarco Flamenco)",Rasel,https://open.spotify.com/track/0WA73uP8IO1rczj8FFJzRg
15,"Dónde Estás",KHEA,https://open.spotify.com/track/16DNJ8y6k97DxuMyV49W7V
16,Morado,"J Balvin",https://open.spotify.com/track/3mQ6SLdxxaL52Yte7KF2Ks
17,"Me Gusta",Shakira,https://open.spotify.com/track/5Xhqh4lwJPtMUTsdBztN1a
18,Paciencia,Kora,https://open.spotify.com/track/4vSRCnFOAIsBJLAbpjPoVY
19,"Uno X Uno",Calero,https://open.spotify.com/track/6CXh8ktETZVhj4c1JYyBPj
20,"Pa Los Gustos Los Colores",Javiielo,https://open.spotify.com/track/6EWWkqE4aFlZRyoFwwOT8u
21,Roma,Pole.,https://open.spotify.com/track/08meXSk6aLXfP0EpNA1s0E
22,Envidiosos,Vulkam,https://open.spotify.com/track/2K2MKs0mNgGAXSjwTWATE2
23,"Una Foto en Blanco y Negro","David Otero",https://open.spotify.com/track/4BNqM0h2wukiQkAUKZjurV
24,"Sigo Buscandote","Ovy On The Drums",https://open.spotify.com/track/4z2c6wyTY9xgiPYUvznwUE
25,Muévelo,"Nicky Jam",https://open.spotify.com/track/4VgYtXCVJ7IbWAZ5ryfvEQ
26,Bailé,"Ciudad Jara",https://open.spotify.com/track/44pgUrLmuGZ5v83AIHgeQZ
27,"Dream Girl - Remix","Ir Sais",https://open.spotify.com/track/099tjv6oy2opbpCOA3nBwX
28,"Se iluminaba","Fred De Palma",https://open.spotify.com/track/3VPOZWtj8mM89IiRNygxgS
29,Girl,"Myke Towers",https://open.spotify.com/track/43NqTeL8pgBxKHPMiJKUP5
30,Lambada,"Hr. Troels",https://open.spotify.com/track/1JyRjcUxnDd0TaR5Sd0V3c
31,"WHATS POPPIN","Jack Harlow",https://open.spotify.com/track/3Q6F8RByyhRTJpRtZLY3cg
32,"Prendio (Remix)",Rvfv,https://open.spotify.com/track/17VsiwLi1ovKYdVUqDieGC
33,"Sunday Best",Surfaces,https://open.spotify.com/track/1Cv1YLb4q0RzL6pybtaMLo
34,Atrévete,"Yago Roche",https://open.spotify.com/track/07Lxxln9lZ8m0hT6EySTCe
35,"No Me Olvida",Robledo,https://open.spotify.com/track/2N1YUkjeP4Zdbhhf0nKOoD
36,+,Aitana,https://open.spotify.com/track/5Cbo7oz78gqkzV3EAM63VA
37,"Escápate Conmigo",Flowtiago,https://open.spotify.com/track/3XvLwUEA4WHiGi60fspi2c
38,"AY AY AY","Q Park",https://open.spotify.com/track/11ohYWiNcQLwMRrOo88ikv
39,Physical,"Dua Lipa",https://open.spotify.com/track/5px6upUHM3fhOP621Edp4V
40,"Carnaval, Carnaval","Georgie Dann",https://open.spotify.com/track/4ndlMtp9aIsvFBmiLRaDNq
41,"La Despedida","Nia Correia",https://open.spotify.com/track/37Aop7ynkNJWUE8J8jIav1
42,"Toss A Coin To Your Witcher","Sonya Belousova",https://open.spotify.com/track/2KMLGJ1mPfRE4GNdL92rl3
43,"Podría Ser Peor","Bruno Alves",https://open.spotify.com/track/2mIk2FQrEG1gtHnbrRSUKZ
44,"Por Ti",Otein,https://open.spotify.com/track/7k5b9iMRn7CkdR7sPu90Hw
45,"The Box","Roddy Ricch",https://open.spotify.com/track/0nbXyq5TXYPCO7pr3N8S4I
46,Trukitos,"Lennis Rodriguez",https://open.spotify.com/track/0ofQFmf4hNoRoBaDjwDOZU
47,Mami,Ptazeta,https://open.spotify.com/track/55C0glNSvxJDCfgHwiCZb1
48,BOOM,"X Ambassadors",https://open.spotify.com/track/3V9cM3nCH2G66afoDi0snu
49,Skin,MIMO,https://open.spotify.com/track/5o8yGG79KJmYU9b0plQpuV
50,Shotgun,Flavio,https://open.spotify.com/track/08Og3MWObapaCQqD0VCbrx
1,"Dolor Y Estefanía",L'Voy,https://open.spotify.com/track/0aOBYHGJN4yCSjLPkgOh5S
2,"Quédate conmigo",Pole.,https://open.spotify.com/track/3T1egHTtRtYoal4SPUJAAe
3,"Moral of the Story",Ashe,https://open.spotify.com/track/2nC3QhMI9reBIOWutbU3Tj
4,"death bed (coffee for your head) (feat. beabadoobee)",Powfu,https://open.spotify.com/track/7eJMfftS33KTjuF7lTsMCx
5,"Corona Virus",Yofrangel,https://open.spotify.com/track/3xL2zWuSe639N50iNP6LPM
6,Diosa,"Myke Towers",https://open.spotify.com/track/3JHpk0DOTOzyh0777JFAky
7,"I Got Bitches",A2M,https://open.spotify.com/track/6gPqBegU4aDWoSYXeCyURA
8,"Mil Tequilas","Chema Rivas",https://open.spotify.com/track/4QPLtCSQh10inI5iwUoG2p
9,"Una Mala (Remix)","El Completo Rd",https://open.spotify.com/track/2maGaB3fNqQnyrG3FDiaW3
10,Paciencia,Kora,https://open.spotify.com/track/4vSRCnFOAIsBJLAbpjPoVY
11,"Gitana (feat. Sergio Contreras y Demarco Flamenco)",Rasel,https://open.spotify.com/track/0WA73uP8IO1rczj8FFJzRg
12,Medusa,"Jhay Cortez",https://open.spotify.com/track/3qM0vBxIe4VUbK0Z0smuVP
13,Tusa,"KAROL G",https://open.spotify.com/track/7k4t7uLgtOxPwTpFmtJNTY
14,Keii,"Anuel AA",https://open.spotify.com/track/5eEQCfq7MXQr6aHLNRUZLs
15,Vibe,"Cookiee Kawaii",https://open.spotify.com/track/7btQ8AOjr6zXoGHEmxL5u5
16,"Blinding Lights","The Weeknd",https://open.spotify.com/track/0sf12qNH5qcw8qpgymFOqD
17,"Himno de Andalucía","Banda Municipal de Sevilla",https://open.spotify.com/track/1f28aLX39hfQddUVEXiHTL
18,"Dónde Estás",KHEA,https://open.spotify.com/track/16DNJ8y6k97DxuMyV49W7V
19,"Dance Monkey (Versión Español)",Betzabeth,https://open.spotify.com/track/5C4tPxg8bWj8E80BZTH7ey
20,Envidiosos,Vulkam,https://open.spotify.com/track/2K2MKs0mNgGAXSjwTWATE2
21,"Malibú con Piña","Funzo & Baby Loud",https://open.spotify.com/track/4T7SpjqFNSpfdAsN66DkiE
22,"Perreo Duro","Papi Gavi",https://open.spotify.com/track/5ywZJclp5XzvgSyBz0w09M
23,Morado,"J Balvin",https://open.spotify.com/track/3mQ6SLdxxaL52Yte7KF2Ks
24,Atrévete,"Yago Roche",https://open.spotify.com/track/07Lxxln9lZ8m0hT6EySTCe
25,Lambada,"Hr. Troels",https://open.spotify.com/track/1JyRjcUxnDd0TaR5Sd0V3c
26,"My Heart Went Oops",Tiagz,https://open.spotify.com/track/3Nhfs2Cx7z2JWHetYkzSfO
27,"Pa Los Gustos Los Colores",Javiielo,https://open.spotify.com/track/6EWWkqE4aFlZRyoFwwOT8u
28,"Pegamos Tela",Lérica,https://open.spotify.com/track/4punHldq7Jfx0Plu7SdjQ0
29,Roma,Pole.,https://open.spotify.com/track/08meXSk6aLXfP0EpNA1s0E
30,Esperando,"Hugo Cobo",https://open.spotify.com/track/0TpV8vvMhp3MKmBGaazJA7
31,"WHATS POPPIN","Jack Harlow",https://open.spotify.com/track/3Q6F8RByyhRTJpRtZLY3cg
32,"La Pared 360","Lenny Tavárez",https://open.spotify.com/track/2w8SKQCnT2YQK1qCqKl2uW
33,"Me Gusta",Shakira,https://open.spotify.com/track/5Xhqh4lwJPtMUTsdBztN1a
34,"Díselo a la Vida (Versión Gala)","Operación Triunfo 2020",https://open.spotify.com/track/0fLCrPaNfFJhc9G69VyoaK
35,"tuboescape (feat. Henry Méndez & El Nachy) - Remix","Kiko Rivera",https://open.spotify.com/track/0nOx53iiT1EblS34Drc52g
36,"Sigo Buscandote","Ovy On The Drums",https://open.spotify.com/track/4z2c6wyTY9xgiPYUvznwUE
37,"Una Foto en Blanco y Negro","David Otero",https://open.spotify.com/track/4BNqM0h2wukiQkAUKZjurV
38,"Sunday Best",Surfaces,https://open.spotify.com/track/1Cv1YLb4q0RzL6pybtaMLo
39,"Amor Eterno","Javy Ramírez",https://open.spotify.com/track/2LxAbxB7fliHgM0IEwdokx
40,"Se iluminaba","Fred De Palma",https://open.spotify.com/track/3VPOZWtj8mM89IiRNygxgS
41,"Say So","Doja Cat",https://open.spotify.com/track/3Dv1eDb0MEgF93GpLXlucZ
42,"Uno X Uno",Calero,https://open.spotify.com/track/6CXh8ktETZVhj4c1JYyBPj
43,"Prendio (Remix)",Rvfv,https://open.spotify.com/track/17VsiwLi1ovKYdVUqDieGC
44,"Fai rumore",Diodato,https://open.spotify.com/track/2ZwcnFDvQueNemTt89qCom
45,Bailé,"Ciudad Jara",https://open.spotify.com/track/44pgUrLmuGZ5v83AIHgeQZ
46,"Con Altura",Ginebras,https://open.spotify.com/track/4Hz4ZddemX2Ij985XRxC2q
47,"No Encuentro Palabras","Abraham Mateo",https://open.spotify.com/track/5NJSLryp5WviTmppF33Peg
48,"Dream Girl - Remix","Ir Sais",https://open.spotify.com/track/099tjv6oy2opbpCOA3nBwX
49,+,Aitana,https://open.spotify.com/track/5Cbo7oz78gqkzV3EAM63VA
50,"Perdiendo la Cabeza","Carlos Rivera",https://open.spotify.com/track/2GTCK8zYHwkcu0i0jtKjFz
1,"La Cumbia Del Coronavirus","Mister Cumbia",https://open.spotify.com/track/5r7uA7AxZi1tSBr8Kj4svH
2,"Corona Virus",Yofrangel,https://open.spotify.com/track/3xL2zWuSe639N50iNP6LPM
3,Coronavirus,Kaseeno,https://open.spotify.com/track/1huJj9pmbkqueiUzbyKrDY
4,"Quédate conmigo",Pole.,https://open.spotify.com/track/3T1egHTtRtYoal4SPUJAAe
5,"Dolor Y Estefanía",L'Voy,https://open.spotify.com/track/0aOBYHGJN4yCSjLPkgOh5S
6,Tattoo,"Rauw Alejandro",https://open.spotify.com/track/7na7Bk98usp84FaOJFPv3d
7,"death bed (coffee for your head) (feat. beabadoobee)",Powfu,https://open.spotify.com/track/7eJMfftS33KTjuF7lTsMCx
8,"Una Mala (Remix)","El Completo Rd",https://open.spotify.com/track/2maGaB3fNqQnyrG3FDiaW3
9,"Mil Tequilas","Chema Rivas",https://open.spotify.com/track/4QPLtCSQh10inI5iwUoG2p
10,"Moral of the Story",Ashe,https://open.spotify.com/track/2nC3QhMI9reBIOWutbU3Tj
11,"Qué Sabrá Neruda","Javy Ramírez",https://open.spotify.com/track/4huB3db25M1GuvadoVtz6r
12,Diosa,"Myke Towers",https://open.spotify.com/track/3JHpk0DOTOzyh0777JFAky
13,Vibe,"Cookiee Kawaii",https://open.spotify.com/track/7btQ8AOjr6zXoGHEmxL5u5
14,Supalonely,BENEE,https://open.spotify.com/track/4nK5YrxbMGZstTLbvj6Gxw
15,Medusa,"Jhay Cortez",https://open.spotify.com/track/3qM0vBxIe4VUbK0Z0smuVP
16,"Gitana (feat. Sergio Contreras y Demarco Flamenco)",Rasel,https://open.spotify.com/track/0WA73uP8IO1rczj8FFJzRg
17,Ignorantes,"Bad Bunny",https://open.spotify.com/track/38RIEav39FGi86jppxO0du
18,Envidiosos,Vulkam,https://open.spotify.com/track/2K2MKs0mNgGAXSjwTWATE2
19,Tusa,"KAROL G",https://open.spotify.com/track/7k4t7uLgtOxPwTpFmtJNTY
20,"La Pared",Cupido,https://open.spotify.com/track/6k436htnE7M4QXXWOjhTYZ
21,"Dónde Estás",KHEA,https://open.spotify.com/track/16DNJ8y6k97DxuMyV49W7V
22,Keii,"Anuel AA",https://open.spotify.com/track/5eEQCfq7MXQr6aHLNRUZLs
23,"Coronao Now (Remix)","El Alfa",https://open.spotify.com/track/047WmwIeerHyIUstFAEz5A
24,"Blinding Lights","The Weeknd",https://open.spotify.com/track/0sf12qNH5qcw8qpgymFOqD
25,"ily (i love you baby) (feat. Emilee)","Surf Mesa",https://open.spotify.com/track/62aP9fBQKYKxi7PDXwcUAS
26,Paciencia,Kora,https://open.spotify.com/track/4vSRCnFOAIsBJLAbpjPoVY
27,"Rave de Favela (feat. BEAM)","Major Lazer",https://open.spotify.com/track/1K7WzjKDcDdVbKNGrB0gej
28,Atrévete,"Yago Roche",https://open.spotify.com/track/07Lxxln9lZ8m0hT6EySTCe
29,Lambada,"Hr. Troels",https://open.spotify.com/track/1JyRjcUxnDd0TaR5Sd0V3c
30,"Pegamos Tela",Lérica,https://open.spotify.com/track/4punHldq7Jfx0Plu7SdjQ0
31,"Malibú con Piña","Funzo & Baby Loud",https://open.spotify.com/track/4T7SpjqFNSpfdAsN66DkiE
32,"tuboescape (feat. Henry Méndez & El Nachy) - Remix","Kiko Rivera",https://open.spotify.com/track/0nOx53iiT1EblS34Drc52g
33,"Amor De Colegio",Luxian,https://open.spotify.com/track/4XthzaeYvgf5XwN6fOmlVP
34,"Los Porros No","El Jincho",https://open.spotify.com/track/2weJ7dM0vLgT0asSOBDrLv
35,Morado,"J Balvin",https://open.spotify.com/track/3mQ6SLdxxaL52Yte7KF2Ks
36,"I Got Bitches",A2M,https://open.spotify.com/track/6gPqBegU4aDWoSYXeCyURA
37,Roma,Pole.,https://open.spotify.com/track/08meXSk6aLXfP0EpNA1s0E
38,"Pa Los Gustos Los Colores",Javiielo,https://open.spotify.com/track/6EWWkqE4aFlZRyoFwwOT8u
39,Troubles,AIRFACEONE,https://open.spotify.com/track/5IfcKEaHkjmcMkrkBsqTbO
40,"Me Gusta",Shakira,https://open.spotify.com/track/5Xhqh4lwJPtMUTsdBztN1a
41,"Son infinitos",Baraka,https://open.spotify.com/track/0ARFi3ldYytGtl0dej7BIH
42,"Como Panas","Bryant Myers",https://open.spotify.com/track/07MrcfLozSPBfEI8GPOZgc
43,"Chico Perfecto",Luitingo,https://open.spotify.com/track/559WXavWK0StdKbAJ3A3kw
44,"Se iluminaba","Fred De Palma",https://open.spotify.com/track/3VPOZWtj8mM89IiRNygxgS
45,"La Pared 360","Lenny Tavárez",https://open.spotify.com/track/2w8SKQCnT2YQK1qCqKl2uW
46,"CITY OF ANGELS",24kGoldn,https://open.spotify.com/track/6ap9lSRJ0iLriGLqoJ44cq
47,Despacio,"Natti Natasha",https://open.spotify.com/track/203uubEQA07to1kbro35qQ
48,"Love Sucks",MELANIE?,https://open.spotify.com/track/4khQZM3zF6YM8eRuoF0oz8
49,"La Última Vez","G Sony",https://open.spotify.com/track/1BtwQIZv6byyN4wstvSIET
50,Esperando,"Hugo Cobo",https://open.spotify.com/track/0TpV8vvMhp3MKmBGaazJA7
1,"La Cumbia Del Coronavirus","Mister Cumbia",https://open.spotify.com/track/5r7uA7AxZi1tSBr8Kj4svH
2,"Corona Virus",Yofrangel,https://open.spotify.com/track/3xL2zWuSe639N50iNP6LPM
3,Coronavirus,Kaseeno,https://open.spotify.com/track/1huJj9pmbkqueiUzbyKrDY
4,"En el Aire","Vega Almohalla",https://open.spotify.com/track/6T3O2ghWXY2eJHdlHh6iFN
5,"Una Mala (Remix)","El Completo Rd",https://open.spotify.com/track/2maGaB3fNqQnyrG3FDiaW3
6,"Think About Things","Daði Freyr",https://open.spotify.com/track/5crhbtfcOWIfN5NbkqQRql
7,"ily (i love you baby) (feat. Emilee)","Surf Mesa",https://open.spotify.com/track/62aP9fBQKYKxi7PDXwcUAS
8,"Quédate conmigo",Pole.,https://open.spotify.com/track/5tzOL69W6lCp4gAomIXMnJ
9,Tattoo,"Rauw Alejandro",https://open.spotify.com/track/7na7Bk98usp84FaOJFPv3d
10,"death bed (coffee for your head) (feat. beabadoobee)",Powfu,https://open.spotify.com/track/7eJMfftS33KTjuF7lTsMCx
11,Resistiré,"Duo Dinamico",https://open.spotify.com/track/2oI6d7XcMz1AMTQhDopV5J
12,Skechers,DripReport,https://open.spotify.com/track/4z2JaAVPemYJhFKm7e32RA
13,Supalonely,BENEE,https://open.spotify.com/track/4nK5YrxbMGZstTLbvj6Gxw
14,"Mil Tequilas","Chema Rivas",https://open.spotify.com/track/4QPLtCSQh10inI5iwUoG2p
15,"I Got Bitches",A2M,https://open.spotify.com/track/6gPqBegU4aDWoSYXeCyURA
16,"Himno de España","Legión Española",https://open.spotify.com/track/7GTPZgCYoRP74J8sqAGy0y
17,"Moral of the Story",Ashe,https://open.spotify.com/track/2nC3QhMI9reBIOWutbU3Tj
18,Diosa,"Myke Towers",https://open.spotify.com/track/3JHpk0DOTOzyh0777JFAky
19,"Ahora Dice Que Me Ama",Bandaga,https://open.spotify.com/track/2Z3RqW9jfl62il0R4q8wQy
20,Bando,ANNA,https://open.spotify.com/track/0kzGjSRHGVcaWxagzQwAyD
21,Tusa,"KAROL G",https://open.spotify.com/track/7k4t7uLgtOxPwTpFmtJNTY
22,Ignorantes,"Bad Bunny",https://open.spotify.com/track/38RIEav39FGi86jppxO0du
23,Atrévete,"Yago Roche",https://open.spotify.com/track/07Lxxln9lZ8m0hT6EySTCe
24,"Coronao Now (Remix)","El Alfa",https://open.spotify.com/track/047WmwIeerHyIUstFAEz5A
25,"Amor de Colegio","Andresito Otro Corte",https://open.spotify.com/track/1tnUqjYE2Pag75i3MJygXA
26,Vibe,"Cookiee Kawaii",https://open.spotify.com/track/7btQ8AOjr6zXoGHEmxL5u5
27,Medusa,"Jhay Cortez",https://open.spotify.com/track/3qM0vBxIe4VUbK0Z0smuVP
28,"Dónde Estás",KHEA,https://open.spotify.com/track/16DNJ8y6k97DxuMyV49W7V
29,Forever,CHVRCHES,https://open.spotify.com/track/3jl1I9gvCXo5V9hu4hYGLY
30,"My Heart Went Oops",Tiagz,https://open.spotify.com/track/3Nhfs2Cx7z2JWHetYkzSfO
31,"Gitana (feat. Sergio Contreras y Demarco Flamenco)",Rasel,https://open.spotify.com/track/0WA73uP8IO1rczj8FFJzRg
32,"Los Porros No","El Jincho",https://open.spotify.com/track/2weJ7dM0vLgT0asSOBDrLv
33,Angelito,"Recycled J",https://open.spotify.com/track/6Q4v5tWo0jiKFauigcvV7U
34,"WHATS POPPIN","Jack Harlow",https://open.spotify.com/track/1jaTQ3nqY3oAAYyCTbIvnM
35,"Díselo a la Vida","Rafa Romera",https://open.spotify.com/track/3fuX1oR1uI85OLm62Sbhej
36,"Como Panas","Bryant Myers",https://open.spotify.com/track/07MrcfLozSPBfEI8GPOZgc
37,Atrevido,Trueno,https://open.spotify.com/track/49rFA0vfmY9Eel2cInKmTk
38,"Blinding Lights","The Weeknd",https://open.spotify.com/track/0sf12qNH5qcw8qpgymFOqD
39,Troubles,AIRFACEONE,https://open.spotify.com/track/5IfcKEaHkjmcMkrkBsqTbO
40,"Pegamos Tela",Lérica,https://open.spotify.com/track/4punHldq7Jfx0Plu7SdjQ0
41,"Rave de Favela (feat. BEAM)","Major Lazer",https://open.spotify.com/track/1K7WzjKDcDdVbKNGrB0gej
42,"Resistire (with Alaska)","Duo Dinamico",https://open.spotify.com/track/3TNQOU5StPgDKnjCzD4UpT
43,"Roses - Imanbek Remix","SAINt JHN",https://open.spotify.com/track/24Yi9hE78yPEbZ4kxyoXAI
44,TBT,"Sebastian Yatra",https://open.spotify.com/track/4s45VgkknMFkdiGoUcjxQU
45,"CITY OF ANGELS",24kGoldn,https://open.spotify.com/track/6ap9lSRJ0iLriGLqoJ44cq
46,"Dos X Tres - Demo","Sebastián Cortés",https://open.spotify.com/track/4EHGtG35oewveBfnPLeAWW
47,"Sunday Best",Surfaces,https://open.spotify.com/track/1Cv1YLb4q0RzL6pybtaMLo
48,Keii,"Anuel AA",https://open.spotify.com/track/5eEQCfq7MXQr6aHLNRUZLs
49,"Malibú con Piña","Funzo & Baby Loud",https://open.spotify.com/track/4T7SpjqFNSpfdAsN66DkiE
50,Paciencia,Kora,https://open.spotify.com/track/4vSRCnFOAIsBJLAbpjPoVY
1,"La Cumbia Del Coronavirus","Mister Cumbia",https://open.spotify.com/track/5r7uA7AxZi1tSBr8Kj4svH
2,Resistiré,"Duo Dinamico",https://open.spotify.com/track/2oI6d7XcMz1AMTQhDopV5J
3,"Una Mala (Remix)","El Completo Rd",https://open.spotify.com/track/2maGaB3fNqQnyrG3FDiaW3
4,"ily (i love you baby) (feat. Emilee)","Surf Mesa",https://open.spotify.com/track/62aP9fBQKYKxi7PDXwcUAS
5,"En el Aire","Vega Almohalla",https://open.spotify.com/track/6T3O2ghWXY2eJHdlHh6iFN
6,Skechers,DripReport,https://open.spotify.com/track/2alc8VZAzDgdAsL2QMk3hu
7,"Corona Virus",Yofrangel,https://open.spotify.com/track/3xL2zWuSe639N50iNP6LPM
8,"death bed (coffee for your head) (feat. beabadoobee)",Powfu,https://open.spotify.com/track/7eJMfftS33KTjuF7lTsMCx
9,"Mil Tequilas","Chema Rivas",https://open.spotify.com/track/4QPLtCSQh10inI5iwUoG2p
10,"Think About Things","Daði Freyr",https://open.spotify.com/track/5crhbtfcOWIfN5NbkqQRql
11,"Quédate conmigo",Pole.,https://open.spotify.com/track/5tzOL69W6lCp4gAomIXMnJ
12,Safaera,"Bad Bunny",https://open.spotify.com/track/2DEZmgHKAvm41k4J3R2E9Y
13,Coronavirus,Kaseeno,https://open.spotify.com/track/1huJj9pmbkqueiUzbyKrDY
14,Rojo,"J Balvin",https://open.spotify.com/track/380HmhwTE2NJgawn1NwkXi
15,Tattoo,"Rauw Alejandro",https://open.spotify.com/track/7na7Bk98usp84FaOJFPv3d
16,Supalonely,BENEE,https://open.spotify.com/track/4nK5YrxbMGZstTLbvj6Gxw
17,Atrévete,"Yago Roche",https://open.spotify.com/track/07Lxxln9lZ8m0hT6EySTCe
18,"Blinding Lights","The Weeknd",https://open.spotify.com/track/0VjIjW4GlUZAMYd2vXMi3b
19,"Te Regalo","Carla Morrison",https://open.spotify.com/track/2Ye46ZY2LKOQTPXaauQisB
20,"La Difícil","Bad Bunny",https://open.spotify.com/track/6NfrH0ANGmgBXyxgV2PeXt
21,"Ahora Dice Que Me Ama",Bandaga,https://open.spotify.com/track/2Z3RqW9jfl62il0R4q8wQy
22,"Coronao Now (Remix)","El Alfa",https://open.spotify.com/track/047WmwIeerHyIUstFAEz5A
23,Bando,ANNA,https://open.spotify.com/track/0kzGjSRHGVcaWxagzQwAyD
24,"Roses - Imanbek Remix","SAINt JHN",https://open.spotify.com/track/24Yi9hE78yPEbZ4kxyoXAI
25,"Resistire (with Alaska)","Duo Dinamico",https://open.spotify.com/track/3TNQOU5StPgDKnjCzD4UpT
26,Forever,CHVRCHES,https://open.spotify.com/track/1QHzf28GKB4xblsVPS6LPs
27,"Si Veo a Tu Mamá","Bad Bunny",https://open.spotify.com/track/41wtwzCZkXwpnakmwJ239F
28,Tusa,"KAROL G",https://open.spotify.com/track/7k4t7uLgtOxPwTpFmtJNTY
29,Perdido,"Ernes H",https://open.spotify.com/track/553nTOqbfanciivU11bC4j
30,"Himno de España","Legión Española",https://open.spotify.com/track/7GTPZgCYoRP74J8sqAGy0y
31,Comatose,JADN,https://open.spotify.com/track/1FIv5SzIBWmCF5Xmt8N6BD
32,"I Got Bitches",A2M,https://open.spotify.com/track/6gPqBegU4aDWoSYXeCyURA
33,René,Residente,https://open.spotify.com/track/6gm12xlADJwiBbHIKBXzGW
34,"Moral of the Story",Ashe,https://open.spotify.com/track/2nC3QhMI9reBIOWutbU3Tj
35,"After Hours","The Weeknd",https://open.spotify.com/track/2p8IUWQDrpjuFltbdgLOag
36,Diosa,"Myke Towers",https://open.spotify.com/track/3JHpk0DOTOzyh0777JFAky
37,TBT,"Sebastian Yatra",https://open.spotify.com/track/4s45VgkknMFkdiGoUcjxQU
38,"Dónde Estás",KHEA,https://open.spotify.com/track/16DNJ8y6k97DxuMyV49W7V
39,"Dos X Tres - Demo","Sebastián Cortés",https://open.spotify.com/track/4EHGtG35oewveBfnPLeAWW
40,Morado,"J Balvin",https://open.spotify.com/track/35KmOEIUqAGn02t7n4qaIr
41,"La Santa","Bad Bunny",https://open.spotify.com/track/69vlMrzHwATKzupwNcUPyK
42,Atrevido,Trueno,https://open.spotify.com/track/49rFA0vfmY9Eel2cInKmTk
43,"Gitana (feat. Sergio Contreras y Demarco Flamenco)",Rasel,https://open.spotify.com/track/0WA73uP8IO1rczj8FFJzRg
44,Medusa,"Jhay Cortez",https://open.spotify.com/track/3qM0vBxIe4VUbK0Z0smuVP
45,Paciencia,Kora,https://open.spotify.com/track/4vSRCnFOAIsBJLAbpjPoVY
46,"Yo Perreo Sola","Bad Bunny",https://open.spotify.com/track/0SqqAgdovOE24BzxIClpjw
47,"Turandot / Act 3: ""Nessun dorma!""","Giacomo Puccini",https://open.spotify.com/track/74WjYdm3Lvbwnds4thYPUU
48,"Pegamos Tela",Lérica,https://open.spotify.com/track/4punHldq7Jfx0Plu7SdjQ0
49,"Vibe (If I Back It Up)","Cookiee Kawaii",https://open.spotify.com/track/4gOgQTv9RYYFZ1uQNnlk3q
50,Angelito,"Recycled J",https://open.spotify.com/track/6Q4v5tWo0jiKFauigcvV7U
1,Astronomia,Vicetone,https://open.spotify.com/track/665AK0ovB11McZRwfa852G
2,"Dance Monkey (8D Audio)","8D Tunes",https://open.spotify.com/track/4KgAFt6Tt4E96poxgq5dVJ
3,"Una Mala (Remix)","El Completo Rd",https://open.spotify.com/track/2maGaB3fNqQnyrG3FDiaW3
4,"Astronomia 2K19 - Radio Edit","Stephan F",https://open.spotify.com/track/56Z3lLPTcozYkoAl9HsQLI
5,"ily (i love you baby) (feat. Emilee)","Surf Mesa",https://open.spotify.com/track/62aP9fBQKYKxi7PDXwcUAS
6,"death bed (coffee for your head) (feat. beabadoobee)",Powfu,https://open.spotify.com/track/7eJMfftS33KTjuF7lTsMCx
7,"Mil Tequilas","Chema Rivas",https://open.spotify.com/track/4QPLtCSQh10inI5iwUoG2p
8,"La Cumbia Del Coronavirus","Mister Cumbia",https://open.spotify.com/track/5r7uA7AxZi1tSBr8Kj4svH
9,"Think About Things","Daði Freyr",https://open.spotify.com/track/5crhbtfcOWIfN5NbkqQRql
10,Resistiré,"Duo Dinamico",https://open.spotify.com/track/2oI6d7XcMz1AMTQhDopV5J
11,Skechers,DripReport,https://open.spotify.com/track/2alc8VZAzDgdAsL2QMk3hu
12,Astronomia,"Tony Igy",https://open.spotify.com/track/6ulon8Un1tOwzQbAJGZYvi
13,"En el Aire","Vega Almohalla",https://open.spotify.com/track/6T3O2ghWXY2eJHdlHh6iFN
14,Safaera,"Bad Bunny",https://open.spotify.com/track/2DEZmgHKAvm41k4J3R2E9Y
15,"Roses - Imanbek Remix","SAINt JHN",https://open.spotify.com/track/24Yi9hE78yPEbZ4kxyoXAI
16,Supalonely,BENEE,https://open.spotify.com/track/4nK5YrxbMGZstTLbvj6Gxw
17,"Yo Perreo Sola","Bad Bunny",https://open.spotify.com/track/0SqqAgdovOE24BzxIClpjw
18,"Quédate conmigo",Pole.,https://open.spotify.com/track/5tzOL69W6lCp4gAomIXMnJ
19,Atrévete,"Yago Roche",https://open.spotify.com/track/07Lxxln9lZ8m0hT6EySTCe
20,Rojo,"J Balvin",https://open.spotify.com/track/380HmhwTE2NJgawn1NwkXi
21,Cinco,"Ernes H",https://open.spotify.com/track/5s3vFOUcw4zyDgLaV2vOLX
22,Nova,"8D Audio",https://open.spotify.com/track/0p2pq7cupybMuj6EVJIFQb
23,Tattoo,"Rauw Alejandro",https://open.spotify.com/track/7na7Bk98usp84FaOJFPv3d
24,"Dos X Tres - Demo","Sebastián Cortés",https://open.spotify.com/track/4EHGtG35oewveBfnPLeAWW
25,"Corona Virus",Yofrangel,https://open.spotify.com/track/3xL2zWuSe639N50iNP6LPM
26,Forever,CHVRCHES,https://open.spotify.com/track/1QHzf28GKB4xblsVPS6LPs
27,Comatose,JADN,https://open.spotify.com/track/1FIv5SzIBWmCF5Xmt8N6BD
28,Bando,ANNA,https://open.spotify.com/track/0kzGjSRHGVcaWxagzQwAyD
29,"Blinding Lights","The Weeknd",https://open.spotify.com/track/0VjIjW4GlUZAMYd2vXMi3b
30,"Give Me Your Love","8D Audio",https://open.spotify.com/track/3D1DG6xVq9B70qbEUZX7Vj
31,"Te Quiero (...)","Axolotes Mexicanos",https://open.spotify.com/track/1k0wBBWj3MWQgyrxlpYp1t
32,"Sentado en la Esquina","La Piedra Urbana",https://open.spotify.com/track/2KTrV1P4FIooFm8wFRcUBQ
33,Savage,"Megan Thee Stallion",https://open.spotify.com/track/55CHeLEfn5iJ0IIkgaa4si
34,"Ahora Dice Que Me Ama",Bandaga,https://open.spotify.com/track/2Z3RqW9jfl62il0R4q8wQy
35,Physical,"Dua Lipa",https://open.spotify.com/track/3AzjcOeAmA57TIOr9zF1ZW
36,TBT,"Sebastian Yatra",https://open.spotify.com/track/4s45VgkknMFkdiGoUcjxQU
37,Perdido,"Ernes H",https://open.spotify.com/track/553nTOqbfanciivU11bC4j
38,"La Difícil","Bad Bunny",https://open.spotify.com/track/6NfrH0ANGmgBXyxgV2PeXt
39,"Mensaje Enviado",Ptazeta,https://open.spotify.com/track/3RU2YaaCkP4uuVJ63Tmv4N
40,"Coronao Now (Remix)","El Alfa",https://open.spotify.com/track/047WmwIeerHyIUstFAEz5A
41,"Fantasias - Remix","Rauw Alejandro",https://open.spotify.com/track/0A37XY67wSdGqkGjtfW6aV
42,"Como vas?","Kidd Keo",https://open.spotify.com/track/77E6BhaBLsIMmW5nAyXGTy
43,"Resistire (with Alaska)","Duo Dinamico",https://open.spotify.com/track/3TNQOU5StPgDKnjCzD4UpT
44,Tusa,"KAROL G",https://open.spotify.com/track/7k4t7uLgtOxPwTpFmtJNTY
45,"Tusa - Rumba Mix","Yero Company",https://open.spotify.com/track/7jLQUM3G6JLsAsGATYxv8h
46,"Boss Bitch","Doja Cat",https://open.spotify.com/track/78qd8dvwea0Gosb6Fe6j3k
47,Falling,Fets,https://open.spotify.com/track/2IX9rTOZFc4OgPph0LuubR
48,Salté,"Anne Lukin",https://open.spotify.com/track/3DuTIsyRuImY8EJDeeuMSq
49,"Breaking Me",Topic,https://open.spotify.com/track/3H7ihDc1dqLriiWXwsc2po
50,"Pegamos Tela",Lérica,https://open.spotify.com/track/4punHldq7Jfx0Plu7SdjQ0
1,Astronomia,Vicetone,https://open.spotify.com/track/665AK0ovB11McZRwfa852G
2,"Quedate en casa","Ariel de Cuba",https://open.spotify.com/track/4DxvnLCBqQHNV0Sq9eJM2M
3,"Dance Monkey (8D Audio)","8D Tunes",https://open.spotify.com/track/4KgAFt6Tt4E96poxgq5dVJ
4,"Mil Tequilas","Chema Rivas",https://open.spotify.com/track/4QPLtCSQh10inI5iwUoG2p
5,"Astronomia 2K19 - Radio Edit","Stephan F",https://open.spotify.com/track/56Z3lLPTcozYkoAl9HsQLI
6,"Una Mala (Remix)","El Completo Rd",https://open.spotify.com/track/2maGaB3fNqQnyrG3FDiaW3
7,"ily (i love you baby) (feat. Emilee)","Surf Mesa",https://open.spotify.com/track/62aP9fBQKYKxi7PDXwcUAS
8,"death bed (coffee for your head) (feat. beabadoobee)",Powfu,https://open.spotify.com/track/7eJMfftS33KTjuF7lTsMCx
9,"Al Alba - Remasterizado","Luis Eduardo Aute",https://open.spotify.com/track/0OXMtHq7Nnu3D5slUJHNn0
10,Astronomia,"Tony Igy",https://open.spotify.com/track/6ulon8Un1tOwzQbAJGZYvi
11,Skechers,DripReport,https://open.spotify.com/track/2alc8VZAzDgdAsL2QMk3hu
12,"Roses - Imanbek Remix","SAINt JHN",https://open.spotify.com/track/24Yi9hE78yPEbZ4kxyoXAI
13,"Sin Tu Latido - Remasterizado","Luis Eduardo Aute",https://open.spotify.com/track/7jlfZZgaO0xPRdPMP9jezb
14,Safaera,"Bad Bunny",https://open.spotify.com/track/2DEZmgHKAvm41k4J3R2E9Y
15,"Ti amo","Umberto Tozzi",https://open.spotify.com/track/5Gz9p2oDVHNHLoQOPHzaXm
16,"Las Cuatro y Diez","Luis Eduardo Aute",https://open.spotify.com/track/4Z8DiiAJsMFppYOf0yJSAT
17,"La Belleza","Luis Eduardo Aute",https://open.spotify.com/track/5oMnRH2HJ3N3leLRh3AWCw
18,"Yo Perreo Sola","Bad Bunny",https://open.spotify.com/track/0SqqAgdovOE24BzxIClpjw
19,Atrévete,"Yago Roche",https://open.spotify.com/track/07Lxxln9lZ8m0hT6EySTCe
20,"En el Aire","Vega Almohalla",https://open.spotify.com/track/6T3O2ghWXY2eJHdlHh6iFN
21,Slowly,"Luis Eduardo Aute",https://open.spotify.com/track/2ZZvtilGKmGDAdz9IU1EG2
22,Supalonely,BENEE,https://open.spotify.com/track/4nK5YrxbMGZstTLbvj6Gxw
23,Resistiré,"Duo Dinamico",https://open.spotify.com/track/2oI6d7XcMz1AMTQhDopV5J
24,"Toss A Coin To Your Witcher (8D Audio)","8D Tunes",https://open.spotify.com/track/2jqk177j1f0dijjh5kE1Dc
25,"Think About Things","Daði Freyr",https://open.spotify.com/track/2iRniYXjMHKmwXqA2jYXP7
26,"Sentado en la Esquina","La Piedra Urbana",https://open.spotify.com/track/2KTrV1P4FIooFm8wFRcUBQ
27,"La Saeta","Agrupación Musical Ntra. Sra. De Los Reyes",https://open.spotify.com/track/2v9jvwymCQsxN7beinpMZE
28,"Centro Di Gravità Permanente - Remastered","Franco Battiato",https://open.spotify.com/track/5DlMR554Db6jiWPRWe95al
29,"Stay Alive",Mustafa,https://open.spotify.com/track/1COWb4m8g8jY7fi3wXzo5b
30,"Quédate conmigo",Pole.,https://open.spotify.com/track/5tzOL69W6lCp4gAomIXMnJ
31,Tattoo,"Rauw Alejandro",https://open.spotify.com/track/7na7Bk98usp84FaOJFPv3d
32,"No Fue - Remix",Leebrian,https://open.spotify.com/track/3b2STpVG1wHiZJ7u6hvmoR
33,"De Alguna Manera","Luis Eduardo Aute",https://open.spotify.com/track/7MtdhnO67fNwuF7Bes1xOh
34,PORFA,Feid,https://open.spotify.com/track/3iQOfefMGDVDwo8dZoco8T
35,Comatose,JADN,https://open.spotify.com/track/1FIv5SzIBWmCF5Xmt8N6BD
36,Rojo,"J Balvin",https://open.spotify.com/track/380HmhwTE2NJgawn1NwkXi
37,Savage,"Megan Thee Stallion",https://open.spotify.com/track/55CHeLEfn5iJ0IIkgaa4si
38,Forever,CHVRCHES,https://open.spotify.com/track/1QHzf28GKB4xblsVPS6LPs
39,"Cuando Suba La Marea",Amaral,https://open.spotify.com/track/326OjKhvaCXNIaddeRhrZw
40,"Bella ciao",Najwa,https://open.spotify.com/track/1l0i7201yGXdNFKZMJLs7M
41,"Tusa - Rumba Mix","Yero Company",https://open.spotify.com/track/7jLQUM3G6JLsAsGATYxv8h
42,Gentleman,Cepeda,https://open.spotify.com/track/3Q797tkAExVmmJjEDNNLns
43,Cinco,"Ernes H",https://open.spotify.com/track/5s3vFOUcw4zyDgLaV2vOLX
44,"Caridad del Guadalquivir","Banda Sociedad Filarmónica Cultural Ntra. Sra. del Carmen",https://open.spotify.com/track/6cwzBzkRaZuD9apsplQugC
45,"Prefiero amar","Luis Eduardo Aute",https://open.spotify.com/track/2V4qhYiBJEvaWbVCv8qxGR
46,"Breaking Me",Topic,https://open.spotify.com/track/3H7ihDc1dqLriiWXwsc2po
47,"a otro lado","Natalia Lacunza",https://open.spotify.com/track/2oVYnyDY1NA9SmJrxXhyWd
48,"El Fin del Mundo","La La Love You",https://open.spotify.com/track/5SeYlZyKVENMOxiSPQkKyw
49,"Dos X Tres - Demo","Sebastián Cortés",https://open.spotify.com/track/4EHGtG35oewveBfnPLeAWW
50,"Fantasias - Remix","Rauw Alejandro",https://open.spotify.com/track/0A37XY67wSdGqkGjtfW6aV
1,Astronomia,Vicetone,https://open.spotify.com/track/665AK0ovB11McZRwfa852G
2,"Mil Tequilas","Chema Rivas",https://open.spotify.com/track/4QPLtCSQh10inI5iwUoG2p
3,"Quedate en casa","Ariel de Cuba",https://open.spotify.com/track/4DxvnLCBqQHNV0Sq9eJM2M
4,"Una Mala (Remix)","El Completo Rd",https://open.spotify.com/track/2maGaB3fNqQnyrG3FDiaW3
5,"death bed (coffee for your head) (feat. beabadoobee)",Powfu,https://open.spotify.com/track/7eJMfftS33KTjuF7lTsMCx
6,"ily (i love you baby) (feat. Emilee)","Surf Mesa",https://open.spotify.com/track/62aP9fBQKYKxi7PDXwcUAS
7,Coronavirus,iMarkkeyz,https://open.spotify.com/track/1QboqlLbKsUvQRohea6KaE
8,"Dance Monkey (8D Audio)","8D Tunes",https://open.spotify.com/track/4KgAFt6Tt4E96poxgq5dVJ
9,"Astronomia 2K19 - Radio Edit","Stephan F",https://open.spotify.com/track/56Z3lLPTcozYkoAl9HsQLI
10,"Roses - Imanbek Remix","SAINt JHN",https://open.spotify.com/track/24Yi9hE78yPEbZ4kxyoXAI
11,"Quédate en Tu Puta Casa","Olaya Alcázar",https://open.spotify.com/track/2Cac6ktgCotUJhawKBSFiL
12,Skechers,DripReport,https://open.spotify.com/track/2alc8VZAzDgdAsL2QMk3hu
13,"Tu Eres un Bom Bom","Kafu Banton",https://open.spotify.com/track/3WnqbZ1vm6FvlOjygpSe49
14,Atrévete,"Yago Roche",https://open.spotify.com/track/07Lxxln9lZ8m0hT6EySTCe
15,Safaera,"Bad Bunny",https://open.spotify.com/track/2DEZmgHKAvm41k4J3R2E9Y
16,PORFA,Feid,https://open.spotify.com/track/3iQOfefMGDVDwo8dZoco8T
17,"Yo Perreo Sola","Bad Bunny",https://open.spotify.com/track/0SqqAgdovOE24BzxIClpjw
18,Astronomia,"Tony Igy",https://open.spotify.com/track/6ulon8Un1tOwzQbAJGZYvi
19,Amarillo,"J Balvin",https://open.spotify.com/track/6zEgnpM0qYmHLDnh8WPejL
20,"Sentado en la Esquina","La Piedra Urbana",https://open.spotify.com/track/2KTrV1P4FIooFm8wFRcUBQ
21,LMK,"Lil Xxel",https://open.spotify.com/track/0efL46uAuNEfukXQYsbPlX
22,"Ti amo","Umberto Tozzi",https://open.spotify.com/track/5Gz9p2oDVHNHLoQOPHzaXm
23,Supalonely,BENEE,https://open.spotify.com/track/4nK5YrxbMGZstTLbvj6Gxw
24,Savage,"Megan Thee Stallion",https://open.spotify.com/track/55CHeLEfn5iJ0IIkgaa4si
25,"Quédate conmigo",Pole.,https://open.spotify.com/track/5tzOL69W6lCp4gAomIXMnJ
26,"Rueda - Remix",Chimbala,https://open.spotify.com/track/3EWxpqOSP0KWgUmRiklqGy
27,"Breaking Me",Topic,https://open.spotify.com/track/3H7ihDc1dqLriiWXwsc2po
28,Loco,Beéle,https://open.spotify.com/track/2J9B63FawlTaPdg4eH5X03
29,Gentleman,Cepeda,https://open.spotify.com/track/3Q797tkAExVmmJjEDNNLns
30,4K,"El Alfa",https://open.spotify.com/track/4xI3U4sDj1TPmO9Iz5TkYp
31,Comatose,JADN,https://open.spotify.com/track/1FIv5SzIBWmCF5Xmt8N6BD
32,"Tusa - Rumba Mix","Yero Company",https://open.spotify.com/track/7jLQUM3G6JLsAsGATYxv8h
33,"Aqui Llego Tu Tiburon","Dani Cejas",https://open.spotify.com/track/2apEvjYDnbBex9gtwKTMqQ
34,"El Fin del Mundo","La La Love You",https://open.spotify.com/track/5SeYlZyKVENMOxiSPQkKyw
35,"No Fue - Remix",Leebrian,https://open.spotify.com/track/3b2STpVG1wHiZJ7u6hvmoR
36,Forever,CHVRCHES,https://open.spotify.com/track/1QHzf28GKB4xblsVPS6LPs
37,"Cuarentena sin ti","Joe Crepúsculo",https://open.spotify.com/track/35vfmroEiuStgd3AQ46J2Z
38,Perdido,"Ernes H",https://open.spotify.com/track/553nTOqbfanciivU11bC4j
39,"Boss Bitch","Doja Cat",https://open.spotify.com/track/78qd8dvwea0Gosb6Fe6j3k
40,"En el Aire","Vega Almohalla",https://open.spotify.com/track/6T3O2ghWXY2eJHdlHh6iFN
41,"Blinding Lights","The Weeknd",https://open.spotify.com/track/0VjIjW4GlUZAMYd2vXMi3b
42,"Cuando Suba La Marea",Amaral,https://open.spotify.com/track/326OjKhvaCXNIaddeRhrZw
43,Tattoo,"Rauw Alejandro",https://open.spotify.com/track/7na7Bk98usp84FaOJFPv3d
44,"Primavera 2020 - Remasterizá",Amenoskuarto,https://open.spotify.com/track/3adiwUwGEmVicvBJzkI3xr
45,"Bonita Historia","Javier García",https://open.spotify.com/track/3jAiyAFRyII55Hi1TUdvfb
46,Azul,"J Balvin",https://open.spotify.com/track/2lCkncy6bIB0LTMT7kvrD1
47,"Bad Decisions","The Strokes",https://open.spotify.com/track/55N8cxpE1QDoeaaNqUnoZ2
48,Lento,"Lauren Jauregui",https://open.spotify.com/track/5JoV39MFYbvWZwJlxq2722
49,"Bella Ciao - Música Original de la Serie la Casa de Papel/ Money Heist","Manu Pilas",https://open.spotify.com/track/3lWzVNe1yFZlkeBBzUuZYu
50,"Soy un Romántico","Sauwy Perez",https://open.spotify.com/track/2jsgykIEahhQE91CS3zstf
1,"Soy un Extraño","L E O",https://open.spotify.com/track/7LaqJK2iSQXSN0mfK6CpyR
2,"Mil Tequilas","Chema Rivas",https://open.spotify.com/track/4QPLtCSQh10inI5iwUoG2p
3,Astronomia,Vicetone,https://open.spotify.com/track/665AK0ovB11McZRwfa852G
4,"death bed (coffee for your head) (feat. beabadoobee)",Powfu,https://open.spotify.com/track/7eJMfftS33KTjuF7lTsMCx
5,"ily (i love you baby) (feat. Emilee)","Surf Mesa",https://open.spotify.com/track/62aP9fBQKYKxi7PDXwcUAS
6,Skechers,DripReport,https://open.spotify.com/track/2alc8VZAzDgdAsL2QMk3hu
7,"Volveremos a Brindar - Live","Lucía Gil",https://open.spotify.com/track/4HjJObUPh2jjogKo7PQhfo
8,"Una Mala (Remix)","El Completo Rd",https://open.spotify.com/track/2maGaB3fNqQnyrG3FDiaW3
9,Favorito,Camilo,https://open.spotify.com/track/0jT8Nl0shPS8115is0wD2Q
10,Coronavirus,iMarkkeyz,https://open.spotify.com/track/1QboqlLbKsUvQRohea6KaE
11,PORFA,Feid,https://open.spotify.com/track/3iQOfefMGDVDwo8dZoco8T
12,"Roses - Imanbek Remix","SAINt JHN",https://open.spotify.com/track/24Yi9hE78yPEbZ4kxyoXAI
13,"Astronomia 2K19 - Radio Edit","Stephan F",https://open.spotify.com/track/56Z3lLPTcozYkoAl9HsQLI
14,LMK,"Lil Xxel",https://open.spotify.com/track/0efL46uAuNEfukXQYsbPlX
15,"4 besos","Lola Indigo",https://open.spotify.com/track/49QwoSLuV69Fd8bwTqdZvs
16,Atrévete,"Yago Roche",https://open.spotify.com/track/07Lxxln9lZ8m0hT6EySTCe
17,Lejos,Mabbi,https://open.spotify.com/track/32KP5Fk4gC0EzZb2E3JPJX
18,Loco,Beéle,https://open.spotify.com/track/2J9B63FawlTaPdg4eH5X03
19,"20 de abril","Celtas Cortos",https://open.spotify.com/track/7ifOnwJC0oH7cfbJQbUye1
20,"Quedate en casa","Ariel de Cuba",https://open.spotify.com/track/4DxvnLCBqQHNV0Sq9eJM2M
21,Safaera,"Bad Bunny",https://open.spotify.com/track/2DEZmgHKAvm41k4J3R2E9Y
22,"Dance Monkey (8D Audio)","8D Tunes",https://open.spotify.com/track/4KgAFt6Tt4E96poxgq5dVJ
23,"Bonita Historia","Javier García",https://open.spotify.com/track/3jAiyAFRyII55Hi1TUdvfb
24,"Tusa - Rumba Mix","Yero Company",https://open.spotify.com/track/7jLQUM3G6JLsAsGATYxv8h
25,"Yo Perreo Sola","Bad Bunny",https://open.spotify.com/track/0SqqAgdovOE24BzxIClpjw
26,"Why Is Everything Chrome (Lean Swag Rock Wit It)","King Critical",https://open.spotify.com/track/25rk4fQl2sTESHcQaChLMr
27,Astronomia,"Tony Igy",https://open.spotify.com/track/6ulon8Un1tOwzQbAJGZYvi
28,"La Cama - Remix",Lunay,https://open.spotify.com/track/2tGENA8xef0wABdHvyXwv9
29,4K,"El Alfa",https://open.spotify.com/track/4xI3U4sDj1TPmO9Iz5TkYp
30,Perdido,"Ernes H",https://open.spotify.com/track/553nTOqbfanciivU11bC4j
31,"El Fin del Mundo","La La Love You",https://open.spotify.com/track/5SeYlZyKVENMOxiSPQkKyw
32,"Sentado en la Esquina","La Piedra Urbana",https://open.spotify.com/track/2KTrV1P4FIooFm8wFRcUBQ
33,Savage,"Megan Thee Stallion",https://open.spotify.com/track/55CHeLEfn5iJ0IIkgaa4si
34,MAMACITA,"Black Eyed Peas",https://open.spotify.com/track/14wf185UxfNbSy8dwt4r4q
35,"Rueda - Remix",Chimbala,https://open.spotify.com/track/3EWxpqOSP0KWgUmRiklqGy
36,Amarillo,"J Balvin",https://open.spotify.com/track/6zEgnpM0qYmHLDnh8WPejL
37,Supalonely,BENEE,https://open.spotify.com/track/4nK5YrxbMGZstTLbvj6Gxw
38,Bobo,Morad,https://open.spotify.com/track/4zQIamp851N57SyWqAYcZR
39,"Un canto a la vida","Vanesa Martín",https://open.spotify.com/track/0KtBbO1aL5QEbPT6NpIgZ7
40,"Be Fine",RØMANS,https://open.spotify.com/track/2Xlx3s6Kv5B4IhAd1ziG2o
41,"Don't Rush (feat. Headie One)","Young T & Bugsey",https://open.spotify.com/track/7LRmDx4pMTQuOBBwRT1MCT
42,"Breaking Me",Topic,https://open.spotify.com/track/3H7ihDc1dqLriiWXwsc2po
43,Comatose,JADN,https://open.spotify.com/track/1FIv5SzIBWmCF5Xmt8N6BD
44,"Quédate conmigo",Pole.,https://open.spotify.com/track/5tzOL69W6lCp4gAomIXMnJ
45,Inolvidable,"Ovy On The Drums",https://open.spotify.com/track/0OTtnwUO8natNWSwdZvXVF
46,"Boss Bitch","Doja Cat",https://open.spotify.com/track/78qd8dvwea0Gosb6Fe6j3k
47,"Blinding Lights","The Weeknd",https://open.spotify.com/track/0VjIjW4GlUZAMYd2vXMi3b
48,"Cuarentena sin ti","Joe Crepúsculo",https://open.spotify.com/track/35vfmroEiuStgd3AQ46J2Z
49,"Tak Tiki Tak","Harry Nach",https://open.spotify.com/track/0aCTSZQTlmnjQucALTF00s
50,"Elegí (feat. Dímelo Flow)","Rauw Alejandro",https://open.spotify.com/track/50ZC4PM7hywH27RcCfViau
1,Resistiré,"Resistiré 2020",https://open.spotify.com/track/5Z3eEWd02O1RekV96ohDPx
2,"Mil Tequilas","Chema Rivas",https://open.spotify.com/track/4QPLtCSQh10inI5iwUoG2p
3,Astronomia,Vicetone,https://open.spotify.com/track/665AK0ovB11McZRwfa852G
4,"ily (i love you baby) (feat. Emilee)","Surf Mesa",https://open.spotify.com/track/62aP9fBQKYKxi7PDXwcUAS
5,"death bed (coffee for your head) (feat. beabadoobee)",Powfu,https://open.spotify.com/track/7eJMfftS33KTjuF7lTsMCx
6,"Si Tú La Quieres","David Bisbal",https://open.spotify.com/track/35qwAQ3oZeKAMhR3hCV9IM
7,"Tak Tiki Tak","Harry Nach",https://open.spotify.com/track/0aCTSZQTlmnjQucALTF00s
8,LMK,"Lil Xxel",https://open.spotify.com/track/0efL46uAuNEfukXQYsbPlX
9,Favorito,Camilo,https://open.spotify.com/track/0jT8Nl0shPS8115is0wD2Q
10,"Más Triste Que Shinji Ikari","Viva Belgrado",https://open.spotify.com/track/2fMuCRbTu90D9G3K0fKfFd
11,"SICKO MODE","Travis Scott",https://open.spotify.com/track/2xLMifQCjDGFmkHkpNLD9h
12,"Volveremos a Brindar - Live","Lucía Gil",https://open.spotify.com/track/4HjJObUPh2jjogKo7PQhfo
13,Skechers,DripReport,https://open.spotify.com/track/2alc8VZAzDgdAsL2QMk3hu
14,PORFA,Feid,https://open.spotify.com/track/4TOmcZvw0gHa7GiXRbcYAW
15,"Vinito Barato de Luzu - Psytrance Mix","Christian Relikia",https://open.spotify.com/track/266MwjuGFLmxCfVAcTGmnq
16,"Corazon partio - En directo",Rebe,https://open.spotify.com/track/5sNLvOP38aQxpjUeJ2VQsP
17,"Don't Rush (feat. Headie One)","Young T & Bugsey",https://open.spotify.com/track/7LRmDx4pMTQuOBBwRT1MCT
18,Atrévete,"Yago Roche",https://open.spotify.com/track/07Lxxln9lZ8m0hT6EySTCe
19,goosebumps,"Travis Scott",https://open.spotify.com/track/6gBFPUFcJLzWGx4lenP6h2
20,"Roses - Imanbek Remix","SAINt JHN",https://open.spotify.com/track/24Yi9hE78yPEbZ4kxyoXAI
21,Sigo,ARON,https://open.spotify.com/track/0etsGe9x9YXcs6OrNOYcYo
22,"Still Softish","Josh Richards",https://open.spotify.com/track/2twKCCzVkqTr7MKEbv3tcj
23,"4 besos","Lola Indigo",https://open.spotify.com/track/49QwoSLuV69Fd8bwTqdZvs
24,"Tusa - Rumba Mix","Yero Company",https://open.spotify.com/track/7jLQUM3G6JLsAsGATYxv8h
25,Lejos,Mabbi,https://open.spotify.com/track/32KP5Fk4gC0EzZb2E3JPJX
26,"Una Mala (Remix)","El Completo Rd",https://open.spotify.com/track/2maGaB3fNqQnyrG3FDiaW3
27,Loco,Beéle,https://open.spotify.com/track/2J9B63FawlTaPdg4eH5X03
28,"Astronomia 2K19 - Radio Edit","Stephan F",https://open.spotify.com/track/56Z3lLPTcozYkoAl9HsQLI
29,"Soy un Extraño","L E O",https://open.spotify.com/track/7LaqJK2iSQXSN0mfK6CpyR
30,"Aquí Llegó Tu Tiburón","DJ Bryanflow",https://open.spotify.com/track/7IsBq0R9dHpaI7vuj53hKd
31,"El Fin del Mundo","La La Love You",https://open.spotify.com/track/5SeYlZyKVENMOxiSPQkKyw
32,"Toosie Slide",Drake,https://open.spotify.com/track/127QTOFJsJQp5LbJbu3A1y
33,Safaera,"Bad Bunny",https://open.spotify.com/track/2DEZmgHKAvm41k4J3R2E9Y
34,"La Cama - Remix",Lunay,https://open.spotify.com/track/2tGENA8xef0wABdHvyXwv9
35,Relación,Sech,https://open.spotify.com/track/4lMOQR1rRW5hJgJXOtKraL
36,"Let's Do It Again","J Boog",https://open.spotify.com/track/4TBtGrMgUYH7D5Tf5HLvyz
37,"Yo No Sé - Remix","Mati Gómez",https://open.spotify.com/track/26KXzccmVWEgNidxH4XiO3
38,Inolvidable,"Ovy On The Drums",https://open.spotify.com/track/0OTtnwUO8natNWSwdZvXVF
39,"Sentado en la Esquina","La Piedra Urbana",https://open.spotify.com/track/2KTrV1P4FIooFm8wFRcUBQ
40,Savage,"Megan Thee Stallion",https://open.spotify.com/track/55CHeLEfn5iJ0IIkgaa4si
41,"Ya huele a feria","Amigos De Gines",https://open.spotify.com/track/0DpzTSoEGJeivMgbA3fB0k
42,Comatose,JADN,https://open.spotify.com/track/1FIv5SzIBWmCF5Xmt8N6BD
43,"Bonita Historia","Javier García",https://open.spotify.com/track/3jAiyAFRyII55Hi1TUdvfb
44,MAMACITA,"Black Eyed Peas",https://open.spotify.com/track/14wf185UxfNbSy8dwt4r4q
45,4K,"El Alfa",https://open.spotify.com/track/4xI3U4sDj1TPmO9Iz5TkYp
46,Bobo,Morad,https://open.spotify.com/track/4zQIamp851N57SyWqAYcZR
47,Follow,"KAROL G",https://open.spotify.com/track/2w1rq80FIrbxeJy9WYURxw
48,"Play Date","Melanie Martinez",https://open.spotify.com/track/4DpNNXFMMxQEKl7r0ykkWA
49,August,Intelligency,https://open.spotify.com/track/3ZQ3kDvbNYIZI4uR1qQHII
50,"Elegí (feat. Dímelo Flow)","Rauw Alejandro",https://open.spotify.com/track/50ZC4PM7hywH27RcCfViau
1,"Mil Tequilas","Chema Rivas",https://open.spotify.com/track/4QPLtCSQh10inI5iwUoG2p
2,"Tu Eres Un Bom Bom - Remix","Kafu Banton",https://open.spotify.com/track/2635EEV2Oi6wg6GV2TPYVx
3,"Dime Bbsita",Robledo,https://open.spotify.com/track/5mBWQ675Eb4j4fn6iuNnOe
4,"Tak Tiki Tak","Harry Nach",https://open.spotify.com/track/0aCTSZQTlmnjQucALTF00s
5,Favorito,Camilo,https://open.spotify.com/track/0jT8Nl0shPS8115is0wD2Q
6,"ily (i love you baby) (feat. Emilee)","Surf Mesa",https://open.spotify.com/track/62aP9fBQKYKxi7PDXwcUAS
7,"Si Tú La Quieres","David Bisbal",https://open.spotify.com/track/35qwAQ3oZeKAMhR3hCV9IM
8,"death bed (coffee for your head) (feat. beabadoobee)",Powfu,https://open.spotify.com/track/7eJMfftS33KTjuF7lTsMCx
9,Resistiré,"Resistiré 2020",https://open.spotify.com/track/5Z3eEWd02O1RekV96ohDPx
10,"Volverán Esos Momentos (Spot Tv)",ELE,https://open.spotify.com/track/61BdJzgbh4VKIdsM0xJ0P7
11,LMK,"Lil Xxel",https://open.spotify.com/track/0efL46uAuNEfukXQYsbPlX
12,"Corazon partio - En directo",Rebe,https://open.spotify.com/track/5sNLvOP38aQxpjUeJ2VQsP
13,Astronomia,Vicetone,https://open.spotify.com/track/665AK0ovB11McZRwfa852G
14,"Vinito Barato de Luzu - Psytrance Mix","Christian Relikia",https://open.spotify.com/track/266MwjuGFLmxCfVAcTGmnq
15,Inolvidable,"Ovy On The Drums",https://open.spotify.com/track/0OTtnwUO8natNWSwdZvXVF
16,PORFA,Feid,https://open.spotify.com/track/4TOmcZvw0gHa7GiXRbcYAW
17,Atrévete,"Yago Roche",https://open.spotify.com/track/07Lxxln9lZ8m0hT6EySTCe
18,"Puto Normando",Irenegarry,https://open.spotify.com/track/61DtITLsb1Vm19r7f1zFwr
19,Loco,Beéle,https://open.spotify.com/track/2J9B63FawlTaPdg4eH5X03
20,"Aquí Llegó Tu Tiburón","DJ Bryanflow",https://open.spotify.com/track/7IsBq0R9dHpaI7vuj53hKd
21,"Roses - Imanbek Remix","SAINt JHN",https://open.spotify.com/track/24Yi9hE78yPEbZ4kxyoXAI
22,Ahorita,IVAN$ITO,https://open.spotify.com/track/6eaupQfbjsvOsTCNqz4SQv
23,"Una Mala (Remix)","El Completo Rd",https://open.spotify.com/track/2maGaB3fNqQnyrG3FDiaW3
24,Lejos,Mabbi,https://open.spotify.com/track/32KP5Fk4gC0EzZb2E3JPJX
25,"Sigues Con El - Remix",Arcangel,https://open.spotify.com/track/4Pu0a2TuHOYtI4CCE3HEXI
26,Skechers,DripReport,https://open.spotify.com/track/2alc8VZAzDgdAsL2QMk3hu
27,"4 besos","Lola Indigo",https://open.spotify.com/track/49QwoSLuV69Fd8bwTqdZvs
28,"Tusa - Rumba Mix","Yero Company",https://open.spotify.com/track/7jLQUM3G6JLsAsGATYxv8h
29,Bobo,Morad,https://open.spotify.com/track/4zQIamp851N57SyWqAYcZR
30,"Toosie Slide",Drake,https://open.spotify.com/track/466cKvZn1j45IpxDdYZqdA
31,"Hasta Que Amanezca","M Caló",https://open.spotify.com/track/27qcqZokAyWAk3P3fNH5fM
32,"Don't Rush (feat. Headie One)","Young T & Bugsey",https://open.spotify.com/track/7LRmDx4pMTQuOBBwRT1MCT
33,"What A Feeling","MOMO Soundz",https://open.spotify.com/track/1pQ0o1jEtp3Y4vi1pOK5xy
34,"Play Date","Melanie Martinez",https://open.spotify.com/track/4DpNNXFMMxQEKl7r0ykkWA
35,Agua,"Valeria Castro",https://open.spotify.com/track/76yx6d2cnxogqq5EeWAGGv
36,"Volveremos a Brindar - Live","Lucía Gil",https://open.spotify.com/track/4HjJObUPh2jjogKo7PQhfo
37,Relación,Sech,https://open.spotify.com/track/4lMOQR1rRW5hJgJXOtKraL
38,"Le Feste Di Pablo (con Fedez)",CARA,https://open.spotify.com/track/73x0EIT2YyIxTs3Rpd3n5T
39,"SICKO MODE","Travis Scott",https://open.spotify.com/track/2xLMifQCjDGFmkHkpNLD9h
40,goosebumps,"Travis Scott",https://open.spotify.com/track/6gBFPUFcJLzWGx4lenP6h2
41,"Knock Knock",Millans,https://open.spotify.com/track/0cU5HGaIAg7W62i26b0VXo
42,"Una y Otra Vez",Smile,https://open.spotify.com/track/22G6Xe7YyiNs19C7hyHwru
43,Sigo,ARON,https://open.spotify.com/track/0etsGe9x9YXcs6OrNOYcYo
44,Safaera,"Bad Bunny",https://open.spotify.com/track/2DEZmgHKAvm41k4J3R2E9Y
45,"Me Provocas",Dynoro,https://open.spotify.com/track/7sEwsJK7Ol0J6PFV9nioxu
46,Desabúrreme,"Cris Moné",https://open.spotify.com/track/2mTZcHeIHuZh3Z9MkAwt4w
47,"Rueda - Remix",Chimbala,https://open.spotify.com/track/3EWxpqOSP0KWgUmRiklqGy
48,"Similares (feat. Sinsinati)","Efecto Pasillo",https://open.spotify.com/track/74CBYERIN0oOdZ6x9h2L3R
49,"Still Softish","Josh Richards",https://open.spotify.com/track/2twKCCzVkqTr7MKEbv3tcj
50,Surrender,"Natalie Taylor",https://open.spotify.com/track/0ecC8p17cDNlxHXkuYqeR6
1,"Tak Tiki Tak","Harry Nach",https://open.spotify.com/track/0aCTSZQTlmnjQucALTF00s
2,"Mil Tequilas","Chema Rivas",https://open.spotify.com/track/0qvfIq8RsH3sOZk9JIuUhn
3,Favorito,Camilo,https://open.spotify.com/track/0jT8Nl0shPS8115is0wD2Q
4,"Prende (Remix)",Durako,https://open.spotify.com/track/2vMixEB7N64RMHYaH9w3LG
5,"Dime Bbsita",Robledo,https://open.spotify.com/track/5mBWQ675Eb4j4fn6iuNnOe
6,"Perreo Intenso",Ankhal,https://open.spotify.com/track/4B2kFp1ulVz1FgwVYSShoj
7,"Puto Normando",Irenegarry,https://open.spotify.com/track/61DtITLsb1Vm19r7f1zFwr
8,Inolvidable,"Ovy On The Drums",https://open.spotify.com/track/0OTtnwUO8natNWSwdZvXVF
9,"La Safaera (Megamix)","Ernesto Bianchi",https://open.spotify.com/track/5I7cUbPlv4nVpusiWijV6y
10,"Tu Eres Un Bom Bom - Remix","Kafu Banton",https://open.spotify.com/track/2635EEV2Oi6wg6GV2TPYVx
11,"Cuando Amanezca (feat. Danny Ocean, Justin Quiles, Feid)",Nibal,https://open.spotify.com/track/0yx82WHSiVRekLwqfxQkvJ
12,"Rakataka Perreo","Matias Mareco DJ",https://open.spotify.com/track/3mORcawzSLXWzyHNjZXavd
13,"Sola & Vacía","Casper Magico",https://open.spotify.com/track/46V4kseB66GjFGklCgynGX
14,"ily (i love you baby) (feat. Emilee)","Surf Mesa",https://open.spotify.com/track/62aP9fBQKYKxi7PDXwcUAS
15,LMK,"Lil Xxel",https://open.spotify.com/track/4s0hDz7zGgZUav9EvzyLsB
16,"death bed (coffee for your head) (feat. beabadoobee)",Powfu,https://open.spotify.com/track/7eJMfftS33KTjuF7lTsMCx
17,"Aquí Llegó Tu Tiburón","DJ Bryanflow",https://open.spotify.com/track/7IsBq0R9dHpaI7vuj53hKd
18,"Si Tú La Quieres","David Bisbal",https://open.spotify.com/track/35qwAQ3oZeKAMhR3hCV9IM
19,Atrévete,"Yago Roche",https://open.spotify.com/track/07Lxxln9lZ8m0hT6EySTCe
20,"Corazon partio - En directo",Rebe,https://open.spotify.com/track/5sNLvOP38aQxpjUeJ2VQsP
21,PORFA,Feid,https://open.spotify.com/track/4TOmcZvw0gHa7GiXRbcYAW
22,Baby,"El Daddy",https://open.spotify.com/track/3plOodIqdpJZhgk9ArnHtb
23,"Volverán Esos Momentos (Spot Tv)",ELE,https://open.spotify.com/track/61BdJzgbh4VKIdsM0xJ0P7
24,Astronomia,Vicetone,https://open.spotify.com/track/665AK0ovB11McZRwfa852G
25,"Deep End Freestyle","Sleepy Hallow",https://open.spotify.com/track/4zTPYAf5scZdp0LnwPPeWK
26,Luna,Gallagher,https://open.spotify.com/track/74nQnPTL30sgc9tMe1WGlY
27,"Play Date","Melanie Martinez",https://open.spotify.com/track/4DpNNXFMMxQEKl7r0ykkWA
28,Surrender,"Natalie Taylor",https://open.spotify.com/track/0ecC8p17cDNlxHXkuYqeR6
29,"Vinito Barato de Luzu - Psytrance Mix","Christian Relikia",https://open.spotify.com/track/266MwjuGFLmxCfVAcTGmnq
30,"Roses - Imanbek Remix","SAINt JHN",https://open.spotify.com/track/24Yi9hE78yPEbZ4kxyoXAI
31,Bobo,Morad,https://open.spotify.com/track/4zQIamp851N57SyWqAYcZR
32,Loco,Beéle,https://open.spotify.com/track/2J9B63FawlTaPdg4eH5X03
33,Lejos,Mabbi,https://open.spotify.com/track/32KP5Fk4gC0EzZb2E3JPJX
34,"ROCKSTAR (feat. Roddy Ricch)",DaBaby,https://open.spotify.com/track/7ytR5pFWmSjzHJIeQkgog4
35,"Sigues Con El - Remix",Arcangel,https://open.spotify.com/track/4Pu0a2TuHOYtI4CCE3HEXI
36,"Una Mala (Remix)","El Completo Rd",https://open.spotify.com/track/2maGaB3fNqQnyrG3FDiaW3
37,"Aves Enjauladas",Rozalén,https://open.spotify.com/track/7vi5ATzi8QEwPb2flP5V2J
38,"Let's Do It Again","J Boog",https://open.spotify.com/track/4TBtGrMgUYH7D5Tf5HLvyz
39,"Don't Rush (feat. Headie One)","Young T & Bugsey",https://open.spotify.com/track/7LRmDx4pMTQuOBBwRT1MCT
40,"4 besos","Lola Indigo",https://open.spotify.com/track/49QwoSLuV69Fd8bwTqdZvs
41,Resistiré,"Resistiré 2020",https://open.spotify.com/track/5Z3eEWd02O1RekV96ohDPx
42,"Volver a ser Romeo (feat. Galvan Real)",Maki,https://open.spotify.com/track/2wZyQxibhkjPIkS4UKz9vc
43,Safaera,"Bad Bunny",https://open.spotify.com/track/2DEZmgHKAvm41k4J3R2E9Y
44,"Tusa - Rumba Mix","Yero Company",https://open.spotify.com/track/7jLQUM3G6JLsAsGATYxv8h
45,Agua,"Valeria Castro",https://open.spotify.com/track/76yx6d2cnxogqq5EeWAGGv
46,Rayito,Borneo,https://open.spotify.com/track/3m4vWJUZHcQRh6ZV2aHkFH
47,"El Fin del Mundo","La La Love You",https://open.spotify.com/track/5SeYlZyKVENMOxiSPQkKyw
48,MAMACITA,"Black Eyed Peas",https://open.spotify.com/track/14wf185UxfNbSy8dwt4r4q
49,Despertar,Ekko,https://open.spotify.com/track/3RcBDRyEDnSf540TcHQOdv
50,Skechers,DripReport,https://open.spotify.com/track/2alc8VZAzDgdAsL2QMk3hu
1,"Laxed – Siren Beat","Jawsh 685",https://open.spotify.com/track/3BJiF37kmX4HCfYSO7qBnQ
2,"Party Girl",StaySolidRocky,https://open.spotify.com/track/5RqR4ZCCKJDcBLIn4sih9l
3,"La Safaera (Megamix)","Ernesto Bianchi",https://open.spotify.com/track/5I7cUbPlv4nVpusiWijV6y
4,"Tak Tiki Tak","Harry Nach",https://open.spotify.com/track/0aCTSZQTlmnjQucALTF00s
5,"Nunca Estoy","C. Tangana",https://open.spotify.com/track/6f4LYJwICqxoAILj82kwB0
6,"Prende (Remix)",Durako,https://open.spotify.com/track/2vMixEB7N64RMHYaH9w3LG
7,Favorito,Camilo,https://open.spotify.com/track/0jT8Nl0shPS8115is0wD2Q
8,"La Jeepeta - Remix","Nio Garcia",https://open.spotify.com/track/1mohfLaTJtB2RplHLQVM70
9,"Hola, Nena (feat. Omar Montes)","Nyno Vargas",https://open.spotify.com/track/2EAwcFW9NeuhnZ0q5aYhFL
10,"Sola & Vacía","Casper Magico",https://open.spotify.com/track/46V4kseB66GjFGklCgynGX
11,"Cuando Amanezca (feat. Danny Ocean, Justin Quiles, Feid)",Nibal,https://open.spotify.com/track/0yx82WHSiVRekLwqfxQkvJ
12,Inolvidable,"Ovy On The Drums",https://open.spotify.com/track/0OTtnwUO8natNWSwdZvXVF
13,"Valeria (Canción de la Serie Original de Netflix)",K!ngdom,https://open.spotify.com/track/2LNPdVlNTZS3qn9qC7RgR2
14,"Quiero abrazarte, cuando todo acabe","Yo me corono",https://open.spotify.com/track/7jBzexWZEy31FXOTDHg9Zq
15,"Mil Tequilas","Chema Rivas",https://open.spotify.com/track/0qvfIq8RsH3sOZk9JIuUhn
16,"Puto Normando",Irenegarry,https://open.spotify.com/track/61DtITLsb1Vm19r7f1zFwr
17,"Perreo Intenso",Ankhal,https://open.spotify.com/track/4B2kFp1ulVz1FgwVYSShoj
18,"Rakataka Perreo","Matias Mareco DJ",https://open.spotify.com/track/3mORcawzSLXWzyHNjZXavd
19,"Corazon partio - En directo",Rebe,https://open.spotify.com/track/5sNLvOP38aQxpjUeJ2VQsP
20,"Dime Bbsita",Robledo,https://open.spotify.com/track/5mBWQ675Eb4j4fn6iuNnOe
21,"ily (i love you baby) (feat. Emilee)","Surf Mesa",https://open.spotify.com/track/62aP9fBQKYKxi7PDXwcUAS
22,"Tu Eres Un Bom Bom - Remix","Kafu Banton",https://open.spotify.com/track/2635EEV2Oi6wg6GV2TPYVx
23,"THE SCOTTS","THE SCOTTS",https://open.spotify.com/track/39Yp9wwQiSRIDOvrVg7mbk
24,"La Luna","Los del Control",https://open.spotify.com/track/5ly2dOakEFBpaqWrXHepyQ
25,"Roses - Imanbek Remix","SAINt JHN",https://open.spotify.com/track/24Yi9hE78yPEbZ4kxyoXAI
26,"Aquí Llegó Tu Tiburón","DJ Bryanflow",https://open.spotify.com/track/7IsBq0R9dHpaI7vuj53hKd
27,"death bed (coffee for your head) (feat. beabadoobee)",Powfu,https://open.spotify.com/track/7eJMfftS33KTjuF7lTsMCx
28,"Si Tú La Quieres","David Bisbal",https://open.spotify.com/track/35qwAQ3oZeKAMhR3hCV9IM
29,"Address It","LPB Poody",https://open.spotify.com/track/1FgPyHX7HruKDL4Tx4MeZB
30,Rayito,Borneo,https://open.spotify.com/track/3m4vWJUZHcQRh6ZV2aHkFH
31,PORFA,Feid,https://open.spotify.com/track/4TOmcZvw0gHa7GiXRbcYAW
32,"ROCKSTAR (feat. Roddy Ricch)",DaBaby,https://open.spotify.com/track/7ytR5pFWmSjzHJIeQkgog4
33,Atrévete,"Yago Roche",https://open.spotify.com/track/07Lxxln9lZ8m0hT6EySTCe
34,"Deep End Freestyle","Sleepy Hallow",https://open.spotify.com/track/4zTPYAf5scZdp0LnwPPeWK
35,"Me Da la Vida","Sebastián Cortés",https://open.spotify.com/track/7Hh0Ew8SHhO1Uj4AQHXqYe
36,ADMV,Maluma,https://open.spotify.com/track/3eJMSq78dDaFb7VvhNFnq6
37,"Banana (feat. Shaggy)",Conkarah,https://open.spotify.com/track/6ON9qDoT2beR9dQ0evOOj1
38,"Sin Más",Samantha,https://open.spotify.com/track/69ABUF7WLbzYixqY4uAIFW
39,Muchacha,"Gente De Zona",https://open.spotify.com/track/2vI4SxtYqAQD5h1nSrqfKM
40,Loco,Beéle,https://open.spotify.com/track/2J9B63FawlTaPdg4eH5X03
41,"Por Si Apareces","Alice Wonder",https://open.spotify.com/track/2Fqbq7cwUiGWIPqIQfiYt2
42,Quema,"Alex Palomo",https://open.spotify.com/track/2L0cb1himAvwYwcelzeY7E
43,"Tusa - Rumba Mix","Yero Company",https://open.spotify.com/track/7jLQUM3G6JLsAsGATYxv8h
44,"Una Mala (Remix)","El Completo Rd",https://open.spotify.com/track/2maGaB3fNqQnyrG3FDiaW3
45,Surrender,"Natalie Taylor",https://open.spotify.com/track/0ecC8p17cDNlxHXkuYqeR6
46,Relación,Sech,https://open.spotify.com/track/3ZG8N7aWw2meb6UrI5ZmnZ
47,"Loco - Remix",Farruko,https://open.spotify.com/track/6nGM44ZP7vSo0istUW2MOq
48,"4 besos","Lola Indigo",https://open.spotify.com/track/49QwoSLuV69Fd8bwTqdZvs
49,"Play Date","Melanie Martinez",https://open.spotify.com/track/4DpNNXFMMxQEKl7r0ykkWA
50,Astronomia,Vicetone,https://open.spotify.com/track/665AK0ovB11McZRwfa852G
1,"Pana Miguel","Keyan JRN",https://open.spotify.com/track/2ENImmNNYBBybf1N431WfO
2,"La Safaera (Megamix)","Ernesto Bianchi",https://open.spotify.com/track/5I7cUbPlv4nVpusiWijV6y
3,"Tak Tiki Tak","Harry Nach",https://open.spotify.com/track/0aCTSZQTlmnjQucALTF00s
4,"Laxed – Siren Beat","Jawsh 685",https://open.spotify.com/track/3BJiF37kmX4HCfYSO7qBnQ
5,PAM,"Justin Quiles",https://open.spotify.com/track/0eeKDrQxjqNl5bX5VCHDcn
6,"Hola, Nena (feat. Omar Montes)","Nyno Vargas",https://open.spotify.com/track/2EAwcFW9NeuhnZ0q5aYhFL
7,"Stay Homa","Stay Homas",https://open.spotify.com/track/3GbyRmZVxkVpCGMs8qcqXz
8,"La Jeepeta - Remix","Nio Garcia",https://open.spotify.com/track/1mohfLaTJtB2RplHLQVM70
9,"Party Girl",StaySolidRocky,https://open.spotify.com/track/5RqR4ZCCKJDcBLIn4sih9l
10,"Nunca Estoy","C. Tangana",https://open.spotify.com/track/6f4LYJwICqxoAILj82kwB0
11,"Mil Tequilas","Chema Rivas",https://open.spotify.com/track/0qvfIq8RsH3sOZk9JIuUhn
12,"Sola & Vacía","Casper Magico",https://open.spotify.com/track/46V4kseB66GjFGklCgynGX
13,Rayito,Borneo,https://open.spotify.com/track/3m4vWJUZHcQRh6ZV2aHkFH
14,Favorito,Camilo,https://open.spotify.com/track/0jT8Nl0shPS8115is0wD2Q
15,"Deep End Freestyle","Sleepy Hallow",https://open.spotify.com/track/4zTPYAf5scZdp0LnwPPeWK
16,"Para Lisa",Urbøi,https://open.spotify.com/track/2TkQBNls3vXKGpe3G4HSi2
17,"ily (i love you baby) (feat. Emilee)","Surf Mesa",https://open.spotify.com/track/62aP9fBQKYKxi7PDXwcUAS
18,"Puto Normando",Irenegarry,https://open.spotify.com/track/61DtITLsb1Vm19r7f1zFwr
19,"ROCKSTAR (feat. Roddy Ricch)",DaBaby,https://open.spotify.com/track/7ytR5pFWmSjzHJIeQkgog4
20,Inolvidable,"Ovy On The Drums",https://open.spotify.com/track/0OTtnwUO8natNWSwdZvXVF
21,"Valeria (Canción de la Serie Original de Netflix)",K!ngdom,https://open.spotify.com/track/2LNPdVlNTZS3qn9qC7RgR2
22,"Me Da la Vida","Sebastián Cortés",https://open.spotify.com/track/7Hh0Ew8SHhO1Uj4AQHXqYe
23,"Prende (Remix)",Durako,https://open.spotify.com/track/2vMixEB7N64RMHYaH9w3LG
24,"Cuando Amanezca (feat. Danny Ocean, Justin Quiles, Feid)",Nibal,https://open.spotify.com/track/0yx82WHSiVRekLwqfxQkvJ
25,"Dime Bbsita",Robledo,https://open.spotify.com/track/5mBWQ675Eb4j4fn6iuNnOe
26,"Perreo Intenso",Ankhal,https://open.spotify.com/track/4B2kFp1ulVz1FgwVYSShoj
27,"Play Date","Melanie Martinez",https://open.spotify.com/track/4DpNNXFMMxQEKl7r0ykkWA
28,"Address It","LPB Poody",https://open.spotify.com/track/1FgPyHX7HruKDL4Tx4MeZB
29,Relación,Sech,https://open.spotify.com/track/3ZG8N7aWw2meb6UrI5ZmnZ
30,"Si Tú La Quieres","David Bisbal",https://open.spotify.com/track/35qwAQ3oZeKAMhR3hCV9IM
31,PORFA,Feid,https://open.spotify.com/track/4TOmcZvw0gHa7GiXRbcYAW
32,Atrévete,"Yago Roche",https://open.spotify.com/track/07Lxxln9lZ8m0hT6EySTCe
33,"Think About Things","Daði Freyr",https://open.spotify.com/track/2iRniYXjMHKmwXqA2jYXP7
34,"La Popi","Kiko el Crazy",https://open.spotify.com/track/2WlmR4N8xSxDG3Adz8Wd2k
35,Muchacha,"Gente De Zona",https://open.spotify.com/track/2vI4SxtYqAQD5h1nSrqfKM
36,Loco,Beéle,https://open.spotify.com/track/2J9B63FawlTaPdg4eH5X03
37,"Banana (feat. Shaggy)",Conkarah,https://open.spotify.com/track/6ON9qDoT2beR9dQ0evOOj1
38,Vuela,"Sule Sanz",https://open.spotify.com/track/2A2FxwbRLGTXMvSPcDEtSH
39,"Quiéreme Mientras Se Pueda","Manuel Turizo",https://open.spotify.com/track/34LI7rwi9H8w2S5KTHnv1M
40,"Aquí Llegó Tu Tiburón","DJ Bryanflow",https://open.spotify.com/track/7IsBq0R9dHpaI7vuj53hKd
41,"Tu Eres Un Bom Bom - Remix","Kafu Banton",https://open.spotify.com/track/2635EEV2Oi6wg6GV2TPYVx
42,"IDK You Yet","Alexander 23",https://open.spotify.com/track/47EWMOElkkbMp5m9SBkx7d
43,"Loco - Remix",Farruko,https://open.spotify.com/track/6nGM44ZP7vSo0istUW2MOq
44,"Roses - Imanbek Remix","SAINt JHN",https://open.spotify.com/track/24Yi9hE78yPEbZ4kxyoXAI
45,"Corazon partio - En directo",Rebe,https://open.spotify.com/track/5sNLvOP38aQxpjUeJ2VQsP
46,"4 besos","Lola Indigo",https://open.spotify.com/track/49QwoSLuV69Fd8bwTqdZvs
47,"Una Mala (Remix)","El Completo Rd",https://open.spotify.com/track/2maGaB3fNqQnyrG3FDiaW3
48,Baby,"El Daddy",https://open.spotify.com/track/3plOodIqdpJZhgk9ArnHtb
49,ADMV,Maluma,https://open.spotify.com/track/3eJMSq78dDaFb7VvhNFnq6
50,"El Fin del Mundo","La La Love You",https://open.spotify.com/track/5SeYlZyKVENMOxiSPQkKyw
1,"Pana Miguel","Keyan JRN",https://open.spotify.com/track/2ENImmNNYBBybf1N431WfO
2,"La Jeepeta - Remix","Nio Garcia",https://open.spotify.com/track/1mohfLaTJtB2RplHLQVM70
3,"Tak Tiki Tak","Harry Nach",https://open.spotify.com/track/0aCTSZQTlmnjQucALTF00s
4,"Hola, Nena (feat. Omar Montes)","Nyno Vargas",https://open.spotify.com/track/2EAwcFW9NeuhnZ0q5aYhFL
5,"de amor nadie se muere - Freestyle",Luenco,https://open.spotify.com/track/4jfl3XFJ4UwXbmbewW8BV7
6,"La Safaera (Megamix)","Ernesto Bianchi",https://open.spotify.com/track/5I7cUbPlv4nVpusiWijV6y
7,PAM,"Justin Quiles",https://open.spotify.com/track/0eeKDrQxjqNl5bX5VCHDcn
8,Stereotypes,"Black Violin",https://open.spotify.com/track/0Rn7Zvj1OIN9DsfxtCdYPh
9,"Nunca Estoy","C. Tangana",https://open.spotify.com/track/6f4LYJwICqxoAILj82kwB0
10,"Laxed – Siren Beat","Jawsh 685",https://open.spotify.com/track/3BJiF37kmX4HCfYSO7qBnQ
11,"This Is America","Childish Gambino",https://open.spotify.com/track/0b9oOr2ZgvyQu88wzixux9
12,"Niña Bonita - Acústico",Dstance,https://open.spotify.com/track/6yb8ktQyg2mH4fOUeIYkd5
13,"La Popi","Kiko el Crazy",https://open.spotify.com/track/2WlmR4N8xSxDG3Adz8Wd2k
14,"Party Girl",StaySolidRocky,https://open.spotify.com/track/5RqR4ZCCKJDcBLIn4sih9l
15,"ROCKSTAR (feat. Roddy Ricch)",DaBaby,https://open.spotify.com/track/7ytR5pFWmSjzHJIeQkgog4
16,"Deep End Freestyle","Sleepy Hallow",https://open.spotify.com/track/4zTPYAf5scZdp0LnwPPeWK
17,"Mil Tequilas","Chema Rivas",https://open.spotify.com/track/0qvfIq8RsH3sOZk9JIuUhn
18,"Might Not Be OK (feat. Big K.R.I.T.)","Kenneth Whalum",https://open.spotify.com/track/3w4YszQwxhG5q1iYf4DMpR
19,"Me Vale","Miki Núñez",https://open.spotify.com/track/2ptZxf0K480OMZbODKZhVC
20,"Let Love Lead",Terrian,https://open.spotify.com/track/6ezWbOb22Pih3yFT0DTyUD
21,"MY POWER",Nija,https://open.spotify.com/track/7ia5l12mCvbQTeAnG1oYpg
22,"PA' ROMPERLA","Bad Bunny",https://open.spotify.com/track/5XqCz18k96K8tx6DAYM97i
23,"Sola & Vacía","Casper Magico",https://open.spotify.com/track/46V4kseB66GjFGklCgynGX
24,"CÓMO SE SIENTE - Remix","Jhay Cortez",https://open.spotify.com/track/2tFwfmceQa1Y6nRPhYbEtC
25,"ily (i love you baby) (feat. Emilee)","Surf Mesa",https://open.spotify.com/track/62aP9fBQKYKxi7PDXwcUAS
26,Favorito,Camilo,https://open.spotify.com/track/0jT8Nl0shPS8115is0wD2Q
27,"U Will Know - Extended Version","B.M.U. (Black Men United)",https://open.spotify.com/track/5bM3IhiYoYSK9VjAux2px8
28,"Stay Homa","Stay Homas",https://open.spotify.com/track/3GbyRmZVxkVpCGMs8qcqXz
29,"Address It","LPB Poody",https://open.spotify.com/track/1FgPyHX7HruKDL4Tx4MeZB
30,"Don't Die","Killer Mike",https://open.spotify.com/track/6SKP6d0DFOBemCvThbuqUj
31,"Niggers vs. The Police - Remastered Version","Richard Pryor",https://open.spotify.com/track/0c7566F2Aloxllc5ymgwWG
32,"Kapernick Effect",JAG,https://open.spotify.com/track/1fg0MTdAaXlbn9HWqQAJBQ
33,"Say It Loud - I'm Black And I'm Proud - Pt. 1","James Brown",https://open.spotify.com/track/5h8ve1B7Gr3k4W0WXAgLxE
34,Locura,"Cali Y El Dandee",https://open.spotify.com/track/5379uuUPHodsdVhy8pIAAr
35,"Para Lisa","Uzielito Mix",https://open.spotify.com/track/2S8qTt7Ucgk1k6fNEa9iWG
36,Rayito,Borneo,https://open.spotify.com/track/3m4vWJUZHcQRh6ZV2aHkFH
37,"Temblor - Remix",Causa,https://open.spotify.com/track/40gfrW5BX2QE5SrxzRq5TM
38,Relación,Sech,https://open.spotify.com/track/3ZG8N7aWw2meb6UrI5ZmnZ
39,"Puto Normando",Irenegarry,https://open.spotify.com/track/61DtITLsb1Vm19r7f1zFwr
40,Flamenkito,Lérica,https://open.spotify.com/track/4fsj5oMLYrCUlTDs4P9qw5
41,"Dime Bbsita",Robledo,https://open.spotify.com/track/5mBWQ675Eb4j4fn6iuNnOe
42,"Lo Bueno",Soraya,https://open.spotify.com/track/1KIWc35kphw81MckHYUYmr
43,"Si Tú La Quieres","David Bisbal",https://open.spotify.com/track/35qwAQ3oZeKAMhR3hCV9IM
44,"BAD CON NICKY","Bad Bunny",https://open.spotify.com/track/5bmSver2b3ZXyuyLKtgnFI
45,"16 Shots","Vic Mensa",https://open.spotify.com/track/5YqYLur57vzjL0Ts8fk0G2
46,Revolution,"Kirk Franklin",https://open.spotify.com/track/4xm2HjtDAdCobewPoaImT7
47,"Banana (feat. Shaggy)",Conkarah,https://open.spotify.com/track/6ON9qDoT2beR9dQ0evOOj1
48,"MÁS DE UNA CITA","Bad Bunny",https://open.spotify.com/track/4EJHKSnHENfjOxXWryyNtL
49,"Quiéreme Mientras Se Pueda","Manuel Turizo",https://open.spotify.com/track/34LI7rwi9H8w2S5KTHnv1M
50,"Cuando Amanezca (feat. Danny Ocean, Justin Quiles, Feid)",Nibal,https://open.spotify.com/track/0yx82WHSiVRekLwqfxQkvJ